tower_0/v/cg/mpool1/MaxPool	MaxPool	GPU-0	 0:(128x192x27x27)->(128x192x13x13) -t f32 -data_format NHWC -ksize list { i: 1 i: 3 i: 3 i: 1} -strides 1 2 2 1	[[0, 0, 929000, 0, 0, 0, 0, 0, 1, 0, 0, 0, [1552507291939198000, 1552507291939198000, 1552507291940127000, 1552507291940131000]]]	tower_0/v/cg/mpool1/MaxPool@GPU-0@ 0:(128x192x27x27)->(128x192x13x13) -t f32 -data_format NHWC -ksize list { i: 1 i: 3 i: 3 i: 1} -strides 1 2 2 1
tower_0/v/cg/dropout0_1/dropout/dropout/Floor	Floor	GPU-0	 0:(128x4096)->(128x4096) -t f32	[[0, 0, 39000, 0, 0, 0, 0, 0, 1, 0, 0, 0, [1552507291925787000, 1552507291925788000, 1552507291925827000, 1552507291925830000]]]	tower_0/v/cg/dropout0_1/dropout/dropout/Floor@GPU-0@ 0:(128x4096)->(128x4096) -t f32
tower_0/v/cg/conv2/BiasAdd	BiasAdd	GPU-0	 0:(128x384x13x13) 1:(384)->(128x384x13x13) -t f32 -data_format NHWC	[[0, 0, 560000, 0, 0, 0, 0, 0, 1, 0, 0, 0, [1552507291946090000, 1552507291946090000, 1552507291946650000, 1552507291946652000]]]	tower_0/v/cg/conv2/BiasAdd@GPU-0@ 0:(128x384x13x13) 1:(384)->(128x384x13x13) -t f32 -data_format NHWC
train_ops_group	NoOp	GPU-0	 0:(none)->(none)	[[0, 0, 500, 0, 0, 0, 0, 0, 1, 0, 0, 0, [1552507292057616000, 1552507292057616200, 1552507292057616700, 1552507292057617000]]]	train_ops_group@GPU-0@ 0:(none)->(none)
append_apply_gradient_ops/GradientDescent/update_v/cg/conv1/biases/ApplyGradientDescent	ApplyGradientDescent	GPU-0	 0:(192) 1:(1) 2:(192)->(192) -t f32 -use_locking 0	[[0, 0, 12000, 0, 0, 0, 0, 0, 1, 0, 0, 0, [1552507292049592000, 1552507292049592000, 1552507292049604000, 1552507292049607000]]]	append_apply_gradient_ops/GradientDescent/update_v/cg/conv1/biases/ApplyGradientDescent@GPU-0@ 0:(192) 1:(1) 2:(192)->(192) -t f32 -use_locking 0
tower_0/v/cg/affine2/xw_plus_b	BiasAdd	GPU-0	 0:(128x1001) 1:(1001)->(128x1001) -t f32 -data_format NHWC	[[0, 0, 15000, 0, 0, 0, 0, 0, 1, 0, 0, 0, [1552507291969056000, 1552507291969056000, 1552507291969071000, 1552507291969073000]]]	tower_0/v/cg/affine2/xw_plus_b@GPU-0@ 0:(128x1001) 1:(1001)->(128x1001) -t f32 -data_format NHWC
inc_global_step/AssignAdd	AssignAdd	CPU-0	 0:(1) 1:(1)->(1) -t i64 -use_locking 0	[[0, 0, 0, 4000, 0, 0, 0, 0, 0, 1, 0, 0, [1552507292057700000, 1552507292057700000, 1552507292057704000, 1552507292057705000]]]	inc_global_step/AssignAdd@CPU-0@ 0:(1) 1:(1)->(1) -t i64 -use_locking 0
append_apply_gradient_ops/GradientDescent/update_v/cg/affine2/biases/ApplyGradientDescent	ApplyGradientDescent	GPU-0	 0:(1001) 1:(1) 2:(1001)->(1001) -t f32 -use_locking 0	[[0, 0, 14000, 0, 0, 0, 0, 0, 1, 0, 0, 0, [1552507291970537000, 1552507291970538000, 1552507291970552000, 1552507291970555000]]]	append_apply_gradient_ops/GradientDescent/update_v/cg/affine2/biases/ApplyGradientDescent@GPU-0@ 0:(1001) 1:(1) 2:(1001)->(1001) -t f32 -use_locking 0
tower_0/v/cg/affine0/affine0	Relu	GPU-0	 0:(128x4096)->(128x4096) -t f32	[[0, 0, 37000, 0, 0, 0, 0, 0, 1, 0, 0, 0, [1552507291967013000, 1552507291967013000, 1552507291967050000, 1552507291967052000]]]	tower_0/v/cg/affine0/affine0@GPU-0@ 0:(128x4096)->(128x4096) -t f32
append_apply_gradient_ops/GradientDescent/update_v/cg/conv4/biases/ApplyGradientDescent	ApplyGradientDescent	GPU-0	 0:(256) 1:(1) 2:(256)->(256) -t f32 -use_locking 0	[[0, 0, 13000, 0, 0, 0, 0, 0, 1, 0, 0, 0, [1552507292020239000, 1552507292020240000, 1552507292020253000, 1552507292020257000]]]	append_apply_gradient_ops/GradientDescent/update_v/cg/conv4/biases/ApplyGradientDescent@GPU-0@ 0:(256) 1:(1) 2:(256)->(256) -t f32 -use_locking 0
tower_0/v/gradients/tower_0/v/l2_loss/L2Loss_13_grad/mul	Mul	GPU-0	 0:(4096) 1:(1)->(4096) -t f32	[[0, 0, 11000, 0, 0, 0, 0, 0, 1, 0, 0, 0, [1552507291912285000, 1552507291912285000, 1552507291912296000, 1552507291912298000]]]	tower_0/v/gradients/tower_0/v/l2_loss/L2Loss_13_grad/mul@GPU-0@ 0:(4096) 1:(1)->(4096) -t f32
tower_0/v/l2_loss/L2Loss_6	L2Loss	GPU-0	 0:(3x3x384x384)->(1) -t f32	[[0, 0, 61000, 0, 0, 0, 0, 0, 1, 0, 0, 0, [1552507291918789000, 1552507291918790000, 1552507291918851000, 1552507291918853000]]]	tower_0/v/l2_loss/L2Loss_6@GPU-0@ 0:(3x3x384x384)->(1) -t f32
tower_0/v/xentropy/sparse_softmax_cross_entropy_loss/div	Mul	GPU-0	 0:(1) 1:(1)->(1) -t f32	[[0, 0, 12000, 0, 0, 0, 0, 0, 1, 0, 0, 0, [1552507291970104000, 1552507291970104000, 1552507291970116000, 1552507291970118000]]]	tower_0/v/xentropy/sparse_softmax_cross_entropy_loss/div@GPU-0@ 0:(1) 1:(1)->(1) -t f32
v/cg/conv4/conv2d/kernel	VariableV2	GPU-0	 0:(none)->(3x3x384x256) -t f32	[[0, 0, 2000, 0, 0, 0, 0, 0, 1, 0, 0, 0, [1552507291911672000, 1552507291911673000, 1552507291911675000, 1552507291911676000]]]	v/cg/conv4/conv2d/kernel@GPU-0@ 0:(none)->(3x3x384x256) -t f32
tower_0/v/mul/x	Const	GPU-0	 0:(none)->(1) -t f32	[[0, 0, 1000, 0, 0, 0, 0, 0, 1, 0, 0, 0, [1552507291911581000, 1552507291911581000, 1552507291911582000, 1552507291911583000]]]	tower_0/v/mul/x@GPU-0@ 0:(none)->(1) -t f32
tower_0/v/gradients/tower_0/v/cg/affine0/xw_plus_b_grad/BiasAddGrad	BiasAddGrad	GPU-0	 0:(128x4096)->(4096) -t f32 -data_format NHWC	[[0, 0, 36000, 0, 0, 0, 0, 0, 1, 0, 0, 0, [1552507291976300000, 1552507291976300000, 1552507291976336000, 1552507291976339000]]]	tower_0/v/gradients/tower_0/v/cg/affine0/xw_plus_b_grad/BiasAddGrad@GPU-0@ 0:(128x4096)->(4096) -t f32 -data_format NHWC
ConstantFolding/average_loss/Mean/input_const_axis	Const	GPU-0	 0:(none)->(1)	[[0, 0, 500, 0, 0, 0, 0, 0, 1, 0, 0, 0, [1552507291973561000, 1552507291973561200, 1552507291973561700, 1552507291973564000]]]	ConstantFolding/average_loss/Mean/input_const_axis@GPU-0@ 0:(none)->(1)
tower_0/v/cg/conv3/Relu	Relu	GPU-0	 0:(128x384x13x13)->(128x384x13x13) -t f32	[[0, 0, 442000, 0, 0, 0, 0, 0, 1, 0, 0, 0, [1552507291956476000, 1552507291956476000, 1552507291956918000, 1552507291956920000]]]	tower_0/v/cg/conv3/Relu@GPU-0@ 0:(128x384x13x13)->(128x384x13x13) -t f32
tower_0/v/cg/conv3/conv2d/Conv2D	Conv2D	GPU-0	 0:(128x384x13x13) 1:(3x3x384x384)->(128x384x13x13) -t f32 -data_format NHWC -p s -cudnn 1	[[0, 0, 8813000, 0, 0, 0, 0, 0, 1, 0, 0, 0, [1552507291947107000, 1552507291947108000, 1552507291955921000, 1552507291955925000]]]	tower_0/v/cg/conv3/conv2d/Conv2D@GPU-0@ 0:(128x384x13x13) 1:(3x3x384x384)->(128x384x13x13) -t f32 -data_format NHWC -p s -cudnn 1
_retval_inc_global_step/AssignAdd_0_1	_Retval	CPU-0	 0:(1)->(none)	[[0, 0, 0, 1000, 0, 0, 0, 0, 0, 1, 0, 0, [1552507292057707000, 1552507292057707000, 1552507292057708000, 1552507292057709000]]]	_retval_inc_global_step/AssignAdd_0_1@CPU-0@ 0:(1)->(none)
tower_0/v/gradients/tower_0/v/l2_loss/L2Loss_1_grad/mul	Mul	GPU-0	 0:(64) 1:(1)->(64) -t f32	[[0, 0, 10000, 0, 0, 0, 0, 0, 1, 0, 0, 0, [1552507291918562000, 1552507291918563000, 1552507291918573000, 1552507291918575000]]]	tower_0/v/gradients/tower_0/v/l2_loss/L2Loss_1_grad/mul@GPU-0@ 0:(64) 1:(1)->(64) -t f32
tower_0/v/cg/dropout0/dropout/dropout/add	Add	GPU-0	 0:(1) 1:(128x4096)->(128x4096) -t f32	[[0, 0, 37000, 0, 0, 0, 0, 0, 1, 0, 0, 0, [1552507291919234000, 1552507291919234000, 1552507291919271000, 1552507291919273000]]]	tower_0/v/cg/dropout0/dropout/dropout/add@GPU-0@ 0:(1) 1:(128x4096)->(128x4096) -t f32
tower_0/v/l2_loss/L2Loss_13	L2Loss	GPU-0	 0:(4096)->(1) -t f32	[[0, 0, 15000, 0, 0, 0, 0, 0, 1, 0, 0, 0, [1552507291912266000, 1552507291912267000, 1552507291912282000, 1552507291912284000]]]	tower_0/v/l2_loss/L2Loss_13@GPU-0@ 0:(4096)->(1) -t f32
tower_0/v/gradients/tower_0/v/l2_loss/L2Loss_15_grad/mul	Mul	GPU-0	 0:(1001) 1:(1)->(1001) -t f32	[[0, 0, 16000, 0, 0, 0, 0, 0, 1, 0, 0, 0, [1552507291911869000, 1552507291911870000, 1552507291911886000, 1552507291911888000]]]	tower_0/v/gradients/tower_0/v/l2_loss/L2Loss_15_grad/mul@GPU-0@ 0:(1001) 1:(1)->(1001) -t f32
tower_0/v/gradients/tower_0/v/cg/conv2/conv2d/Conv2D_grad/Conv2DBackpropInput-0-LayoutOptimizer	Const	GPU-0	 0:(none)->(4)	[[0, 0, 1000, 0, 0, 0, 0, 0, 1, 0, 0, 0, [1552507291940136000, 1552507291940136000, 1552507291940137000, 1552507291940139000]]]	tower_0/v/gradients/tower_0/v/cg/conv2/conv2d/Conv2D_grad/Conv2DBackpropInput-0-LayoutOptimizer@GPU-0@ 0:(none)->(4)
append_apply_gradient_ops/GradientDescent/update_v/cg/conv0/biases/ApplyGradientDescent	ApplyGradientDescent	GPU-0	 0:(64) 1:(1) 2:(64)->(64) -t f32 -use_locking 0	[[0, 0, 11000, 0, 0, 0, 0, 0, 1, 0, 0, 0, [1552507292057573000, 1552507292057574000, 1552507292057585000, 1552507292057588000]]]	append_apply_gradient_ops/GradientDescent/update_v/cg/conv0/biases/ApplyGradientDescent@GPU-0@ 0:(64) 1:(1) 2:(64)->(64) -t f32 -use_locking 0
tower_0/v/cg/mpool0/MaxPool	MaxPool	GPU-0	 0:(128x64x55x55)->(128x64x27x27) -t f32 -data_format NHWC -ksize list { i: 1 i: 3 i: 3 i: 1} -strides 1 2 2 1	[[0, 0, 1241000, 0, 0, 0, 0, 0, 1, 0, 0, 0, [1552507291928931000, 1552507291928931000, 1552507291930172000, 1552507291930174000]]]	tower_0/v/cg/mpool0/MaxPool@GPU-0@ 0:(128x64x55x55)->(128x64x27x27) -t f32 -data_format NHWC -ksize list { i: 1 i: 3 i: 3 i: 1} -strides 1 2 2 1
tower_0/v/gradients/tower_0/v/l2_loss/L2Loss_6_grad/mul	Mul	GPU-0	 0:(3x3x384x384) 1:(1)->(3x3x384x384) -t f32	[[0, 0, 75000, 0, 0, 0, 0, 0, 1, 0, 0, 0, [1552507291918855000, 1552507291918855000, 1552507291918930000, 1552507291918932000]]]	tower_0/v/gradients/tower_0/v/l2_loss/L2Loss_6_grad/mul@GPU-0@ 0:(3x3x384x384) 1:(1)->(3x3x384x384) -t f32
tower_0/v/gradients/tower_0/v/cg/Reshape_grad/Reshape	Reshape	GPU-0	 0:(128x9216) 1:(4)->(128x6x6x256) -t f32 -Tshape i32	[[0, 0, 2000, 0, 0, 0, 0, 0, 1, 0, 0, 0, [1552507291984641000, 1552507291984641000, 1552507291984643000, 1552507291984645000]]]	tower_0/v/gradients/tower_0/v/cg/Reshape_grad/Reshape@GPU-0@ 0:(128x9216) 1:(4)->(128x6x6x256) -t f32 -Tshape i32
append_apply_gradient_ops/GradientDescent/update_v/cg/conv3/biases/ApplyGradientDescent	ApplyGradientDescent	GPU-0	 0:(384) 1:(1) 2:(384)->(384) -t f32 -use_locking 0	[[0, 0, 12000, 0, 0, 0, 0, 0, 1, 0, 0, 0, [1552507292032330000, 1552507292032331000, 1552507292032343000, 1552507292032347000]]]	append_apply_gradient_ops/GradientDescent/update_v/cg/conv3/biases/ApplyGradientDescent@GPU-0@ 0:(384) 1:(1) 2:(384)->(384) -t f32 -use_locking 0
v/cg/conv2/biases/read	Identity	GPU-0	 0:(384)->(384) -t f32	[[0, 0, 1000, 0, 0, 0, 0, 0, 1, 0, 0, 0, [1552507291911837000, 1552507291911837000, 1552507291911838000, 1552507291911839000]]]	v/cg/conv2/biases/read@GPU-0@ 0:(384)->(384) -t f32
tower_0/v/gradients/tower_0/v/l2_loss/L2Loss_9_grad/mul	Mul	GPU-0	 0:(256) 1:(1)->(256) -t f32	[[0, 0, 10000, 0, 0, 0, 0, 0, 1, 0, 0, 0, [1552507291919176000, 1552507291919177000, 1552507291919187000, 1552507291919189000]]]	tower_0/v/gradients/tower_0/v/l2_loss/L2Loss_9_grad/mul@GPU-0@ 0:(256) 1:(1)->(256) -t f32
tower_0/v/xentropy/sparse_softmax_cross_entropy_loss/xentropy/xentropy	SparseSoftmaxCrossEntropyWithLogits	GPU-0	 0:(128x1001) 1:(128)->(128)(128x1001 slot 1 slot ) -t f32 -Tlabels i32	[[0, 0, 241000, 0, 0, 0, 0, 0, 1, 0, 0, 0, [1552507291969075000, 1552507291969075000, 1552507291969316000, 1552507291969320000]]]	tower_0/v/xentropy/sparse_softmax_cross_entropy_loss/xentropy/xentropy@GPU-0@ 0:(128x1001) 1:(128)->(128)(128x1001 slot 1 slot ) -t f32 -Tlabels i32
tower_0/v/gradients/tower_0/v/l2_loss/L2Loss_3_grad/mul	Mul	GPU-0	 0:(192) 1:(1)->(192) -t f32	[[0, 0, 10000, 0, 0, 0, 0, 0, 1, 0, 0, 0, [1552507291918651000, 1552507291918652000, 1552507291918662000, 1552507291918664000]]]	tower_0/v/gradients/tower_0/v/l2_loss/L2Loss_3_grad/mul@GPU-0@ 0:(192) 1:(1)->(192) -t f32
append_apply_gradient_ops/GradientDescent	NoOp	GPU-0	 0:(none)->(none)	[[0, 0, 1000, 0, 0, 0, 0, 0, 1, 0, 0, 0, [1552507292057607000, 1552507292057607000, 1552507292057608000, 1552507292057609000]]]	append_apply_gradient_ops/GradientDescent@GPU-0@ 0:(none)->(none)
inc_global_step/AssignAdd/value	Const	CPU-0	 0:(none)->(1) -t i64	[[0, 0, 0, 3000, 0, 0, 0, 0, 0, 1, 0, 0, [1552507292057694000, 1552507292057694000, 1552507292057697000, 1552507292057698000]]]	inc_global_step/AssignAdd/value@CPU-0@ 0:(none)->(1) -t i64
tower_0/v/l2_loss/L2Loss	L2Loss	GPU-0	 0:(11x11x3x64)->(1) -t f32	[[0, 0, 33000, 0, 0, 0, 0, 0, 1, 0, 0, 0, [1552507291918492000, 1552507291918493000, 1552507291918526000, 1552507291918528000]]]	tower_0/v/l2_loss/L2Loss@GPU-0@ 0:(11x11x3x64)->(1) -t f32
v/cg/conv2/conv2d/kernel/read	Identity	GPU-0	 0:(3x3x192x384)->(3x3x192x384) -t f32	[[0, 0, 1000, 0, 0, 0, 0, 0, 1, 0, 0, 0, [1552507291911834000, 1552507291911834000, 1552507291911835000, 1552507291911836000]]]	v/cg/conv2/conv2d/kernel/read@GPU-0@ 0:(3x3x192x384)->(3x3x192x384) -t f32
tower_0/v/l2_loss/AddN	AddN	GPU-0	 0:(16x1)->(1) -N i: 16 -t f32	[[0, 0, 29000, 0, 0, 0, 0, 0, 1, 0, 0, 0, [1552507291925744000, 1552507291925746000, 1552507291925775000, 1552507291925783000]]]	tower_0/v/l2_loss/AddN@GPU-0@ 0:(16x1)->(1) -N i: 16 -t f32
tower_0/v/cg/conv1/conv2d/Conv2D	Conv2D	GPU-0	 0:(128x64x27x27) 1:(5x5x64x192)->(128x192x27x27) -t f32 -data_format NHWC -p s -cudnn 1	[[0, 0, 5012000, 0, 0, 0, 0, 0, 1, 0, 0, 0, [1552507291930185000, 1552507291930185000, 1552507291935197000, 1552507291935201000]]]	tower_0/v/cg/conv1/conv2d/Conv2D@GPU-0@ 0:(128x64x27x27) 1:(5x5x64x192)->(128x192x27x27) -t f32 -data_format NHWC -p s -cudnn 1
tower_0/v/l2_loss/L2Loss_1	L2Loss	GPU-0	 0:(64)->(1) -t f32	[[0, 0, 10000, 0, 0, 0, 0, 0, 1, 0, 0, 0, [1552507291918549000, 1552507291918550000, 1552507291918560000, 1552507291918561000]]]	tower_0/v/l2_loss/L2Loss_1@GPU-0@ 0:(64)->(1) -t f32
v/cg/affine1/weights	VariableV2	GPU-0	 0:(none)->(4096x4096) -t f32	[[0, 0, 1000, 0, 0, 0, 0, 0, 1, 0, 0, 0, [1552507291911619000, 1552507291911619000, 1552507291911620000, 1552507291911621000]]]	v/cg/affine1/weights@GPU-0@ 0:(none)->(4096x4096) -t f32
tower_0/v/cg/conv1/BiasAdd	BiasAdd	GPU-0	 0:(128x192x27x27) 1:(192)->(128x192x27x27) -t f32 -data_format NHWC	[[0, 0, 2294000, 0, 0, 0, 0, 0, 1, 0, 0, 0, [1552507291935206000, 1552507291935206000, 1552507291937500000, 1552507291937503000]]]	tower_0/v/cg/conv1/BiasAdd@GPU-0@ 0:(128x192x27x27) 1:(192)->(128x192x27x27) -t f32 -data_format NHWC
tower_0/v/gradients/tower_0/v/cg/dropout0/dropout/dropout/mul_grad/Mul	Mul	GPU-0	 0:(1) 1:(128x4096)->(128x4096) -t f32	[[0, 0, 38000, 0, 0, 0, 0, 0, 1, 0, 0, 0, [1552507291927584000, 1552507291927585000, 1552507291927623000, 1552507291927625000]]]	tower_0/v/gradients/tower_0/v/cg/dropout0/dropout/dropout/mul_grad/Mul@GPU-0@ 0:(1) 1:(128x4096)->(128x4096) -t f32
v/cg/conv3/conv2d/kernel/read	Identity	GPU-0	 0:(3x3x384x384)->(3x3x384x384) -t f32	[[0, 0, 500, 0, 0, 0, 0, 0, 1, 0, 0, 0, [1552507291911840000, 1552507291911840200, 1552507291911840700, 1552507291911842000]]]	v/cg/conv3/conv2d/kernel/read@GPU-0@ 0:(3x3x384x384)->(3x3x384x384) -t f32
tower_0/v/gradients/tower_0/v/cg/conv2/Relu_grad/ReluGrad	ReluGrad	GPU-0	 0:(128x384x13x13) 1:(128x384x13x13)->(128x384x13x13) -t f32	[[0, 0, 649000, 0, 0, 0, 0, 0, 1, 0, 0, 0, [1552507292020339000, 1552507292020339000, 1552507292020988000, 1552507292020991000]]]	tower_0/v/gradients/tower_0/v/cg/conv2/Relu_grad/ReluGrad@GPU-0@ 0:(128x384x13x13) 1:(128x384x13x13)->(128x384x13x13) -t f32
tower_0/v/gradients/tower_0/v/cg/dropout0_1/dropout/dropout/div_grad/RealDiv	Mul	GPU-0	 0:(128x4096) 1:(128x4096)->(128x4096) -t f32	[[0, 0, 51000, 0, 0, 0, 0, 0, 1, 0, 0, 0, [1552507291970463000, 1552507291970464000, 1552507291970515000, 1552507291970517000]]]	tower_0/v/gradients/tower_0/v/cg/dropout0_1/dropout/dropout/div_grad/RealDiv@GPU-0@ 0:(128x4096) 1:(128x4096)->(128x4096) -t f32
append_apply_gradient_ops/GradientDescent/update_v/cg/conv2/biases/ApplyGradientDescent	ApplyGradientDescent	GPU-0	 0:(384) 1:(1) 2:(384)->(384) -t f32 -use_locking 0	[[0, 0, 11000, 0, 0, 0, 0, 0, 1, 0, 0, 0, [1552507292035255000, 1552507292035255000, 1552507292035266000, 1552507292035270000]]]	append_apply_gradient_ops/GradientDescent/update_v/cg/conv2/biases/ApplyGradientDescent@GPU-0@ 0:(384) 1:(1) 2:(384)->(384) -t f32 -use_locking 0
ConstantFolding/tower_0/v/cg/dropout0_1/dropout/dropout/div_recip	Const	GPU-0	 0:(none)->(1)	[[0, 0, 1000, 0, 0, 0, 0, 0, 1, 0, 0, 0, [1552507291911606000, 1552507291911606000, 1552507291911607000, 1552507291911608000]]]	ConstantFolding/tower_0/v/cg/dropout0_1/dropout/dropout/div_recip@GPU-0@ 0:(none)->(1)
tower_0/v/cg/dropout0/dropout/dropout/div	Mul	GPU-0	 0:(1) 1:(128x4096)->(128x4096) -t f32	[[0, 0, 41000, 0, 0, 0, 0, 0, 1, 0, 0, 0, [1552507291967053000, 1552507291967054000, 1552507291967095000, 1552507291967097000]]]	tower_0/v/cg/dropout0/dropout/dropout/div@GPU-0@ 0:(1) 1:(128x4096)->(128x4096) -t f32
tower_0/v/gradients/tower_0/v/xentropy/sparse_softmax_cross_entropy_loss/xentropy/xentropy_grad/mul	Mul	GPU-0	 0:(128) 1:(128x1001)->(128x1001) -t f32	[[0, 0, 16000, 0, 0, 0, 0, 0, 1, 0, 0, 0, [1552507291969326000, 1552507291969326000, 1552507291969342000, 1552507291969344000]]]	tower_0/v/gradients/tower_0/v/xentropy/sparse_softmax_cross_entropy_loss/xentropy/xentropy_grad/mul@GPU-0@ 0:(128) 1:(128x1001)->(128x1001) -t f32
tower_0/v/alexnet_synthetic_labels/shape	Const	GPU-0	 0:(none)->(1) -t i32	[[0, 0, 1000, 0, 0, 0, 0, 0, 1, 0, 0, 0, [1552507291911594000, 1552507291911594000, 1552507291911595000, 1552507291911596000]]]	tower_0/v/alexnet_synthetic_labels/shape@GPU-0@ 0:(none)->(1) -t i32
tower_0/v/gradients/tower_0/v/cg/affine2/xw_plus_b_grad/BiasAddGrad	BiasAddGrad	GPU-0	 0:(128x1001)->(1001) -t f32 -data_format NHWC	[[0, 0, 23000, 0, 0, 0, 0, 0, 1, 0, 0, 0, [1552507291969369000, 1552507291969369000, 1552507291969392000, 1552507291969395000]]]	tower_0/v/gradients/tower_0/v/cg/affine2/xw_plus_b_grad/BiasAddGrad@GPU-0@ 0:(128x1001)->(1001) -t f32 -data_format NHWC
v/cg/affine0/biases/read	Identity	GPU-0	 0:(4096)->(4096) -t f32	[[0, 0, 1000, 0, 0, 0, 0, 0, 1, 0, 0, 0, [1552507291911813000, 1552507291911813000, 1552507291911814000, 1552507291911815000]]]	v/cg/affine0/biases/read@GPU-0@ 0:(4096)->(4096) -t f32
tower_0/v/gradients/tower_0/v/cg/conv0/BiasAdd_grad/BiasAddGrad	BiasAddGrad	GPU-0	 0:(128x64x55x55)->(64) -t f32 -data_format NHWC	[[0, 0, 651000, 0, 0, 0, 0, 0, 1, 0, 0, 0, [1552507292049647000, 1552507292049647000, 1552507292050298000, 1552507292050301000]]]	tower_0/v/gradients/tower_0/v/cg/conv0/BiasAdd_grad/BiasAddGrad@GPU-0@ 0:(128x64x55x55)->(64) -t f32 -data_format NHWC
tower_0/v/cg/affine0/xw_plus_b	BiasAdd	GPU-0	 0:(128x4096) 1:(4096)->(128x4096) -t f32 -data_format NHWC	[[0, 0, 41000, 0, 0, 0, 0, 0, 1, 0, 0, 0, [1552507291966968000, 1552507291966968000, 1552507291967009000, 1552507291967011000]]]	tower_0/v/cg/affine0/xw_plus_b@GPU-0@ 0:(128x4096) 1:(4096)->(128x4096) -t f32 -data_format NHWC
tower_0/v/cg/mpool2/MaxPool-1-0-TransposeNCHWToNHWC-LayoutOptimizer	Transpose	GPU-0	 0:(128x256x6x6) 1:(4)->(128x6x6x256)	[[0, 0, 86000, 0, 0, 0, 0, 0, 1, 0, 0, 0, [1552507291963911000, 1552507291963912000, 1552507291963998000, 1552507291964000000]]]	tower_0/v/cg/mpool2/MaxPool-1-0-TransposeNCHWToNHWC-LayoutOptimizer@GPU-0@ 0:(128x256x6x6) 1:(4)->(128x6x6x256)
PermConstNHWCToNCHW-LayoutOptimizer	Const	GPU-0	 0:(none)->(4)	[[0, 0, 500, 0, 0, 0, 0, 0, 1, 0, 0, 0, [1552507291911641000, 1552507291911641200, 1552507291911641700, 1552507291911643000]]]	PermConstNHWCToNCHW-LayoutOptimizer@GPU-0@ 0:(none)->(4)
tower_0/v/cg/affine2/xw_plus_b/MatMul	MatMul	GPU-0	 0:(128x4096) 1:(4096x1001)->(128x1001) -t f32 -tr_a 0 -tr_b 0	[[0, 0, 369000, 0, 0, 0, 0, 0, 1, 0, 0, 0, [1552507291968681000, 1552507291968681000, 1552507291969050000, 1552507291969052000]]]	tower_0/v/cg/affine2/xw_plus_b/MatMul@GPU-0@ 0:(128x4096) 1:(4096x1001)->(128x1001) -t f32 -tr_a 0 -tr_b 0
tower_0/v/xentropy/sparse_softmax_cross_entropy_loss/zeros_like	Const	GPU-0	 0:(none)->(1) -t f32	[[0, 0, 1000, 0, 0, 0, 0, 0, 1, 0, 0, 0, [1552507291911574000, 1552507291911574000, 1552507291911575000, 1552507291911576000]]]	tower_0/v/xentropy/sparse_softmax_cross_entropy_loss/zeros_like@GPU-0@ 0:(none)->(1) -t f32
tower_0/v/gradients/tower_0/v/cg/conv4/conv2d/Conv2D_grad/Conv2DBackpropInput-0-LayoutOptimizer	Const	GPU-0	 0:(none)->(4)	[[0, 0, 1000, 0, 0, 0, 0, 0, 1, 0, 0, 0, [1552507291956921000, 1552507291956922000, 1552507291956923000, 1552507291956924000]]]	tower_0/v/gradients/tower_0/v/cg/conv4/conv2d/Conv2D_grad/Conv2DBackpropInput-0-LayoutOptimizer@GPU-0@ 0:(none)->(4)
tower_0/v/gradients/tower_0/v/cg/affine1/affine1_grad/ReluGrad	ReluGrad	GPU-0	 0:(128x4096) 1:(128x4096)->(128x4096) -t f32	[[0, 0, 52000, 0, 0, 0, 0, 0, 1, 0, 0, 0, [1552507291970884000, 1552507291970884000, 1552507291970936000, 1552507291970939000]]]	tower_0/v/gradients/tower_0/v/cg/affine1/affine1_grad/ReluGrad@GPU-0@ 0:(128x4096) 1:(128x4096)->(128x4096) -t f32
v/cg/conv1/biases/read	Identity	GPU-0	 0:(192)->(192) -t f32	[[0, 0, 500, 0, 0, 0, 0, 0, 1, 0, 0, 0, [1552507291911831000, 1552507291911831200, 1552507291911831700, 1552507291911833000]]]	v/cg/conv1/biases/read@GPU-0@ 0:(192)->(192) -t f32
tower_0/v/gradients/AddN_15	AddN	GPU-0	 0:(11x11x3x64) 1:(11x11x3x64)->(11x11x3x64) -N i: 2 -t f32	[[0, 0, 11000, 0, 0, 0, 0, 0, 1, 0, 0, 0, [1552507292057558000, 1552507292057558000, 1552507292057569000, 1552507292057572000]]]	tower_0/v/gradients/AddN_15@GPU-0@ 0:(11x11x3x64) 1:(11x11x3x64)->(11x11x3x64) -N i: 2 -t f32
tower_0/v/alexnet_synthetic_labels/max	Const	GPU-0	 0:(none)->(1) -t i32	[[0, 0, 1000, 0, 0, 0, 0, 0, 1, 0, 0, 0, [1552507291911599000, 1552507291911599000, 1552507291911600000, 1552507291911601000]]]	tower_0/v/alexnet_synthetic_labels/max@GPU-0@ 0:(none)->(1) -t i32
tower_0/v/cg/dropout0/dropout/dropout/Floor	Floor	GPU-0	 0:(128x4096)->(128x4096) -t f32	[[0, 0, 38000, 0, 0, 0, 0, 0, 1, 0, 0, 0, [1552507291925832000, 1552507291925832000, 1552507291925870000, 1552507291925872000]]]	tower_0/v/cg/dropout0/dropout/dropout/Floor@GPU-0@ 0:(128x4096)->(128x4096) -t f32
tower_0/v/gradients/AddN_9	AddN	GPU-0	 0:(3x3x384x384) 1:(3x3x384x384)->(3x3x384x384) -N i: 2 -t f32	[[0, 0, 111000, 0, 0, 0, 0, 0, 1, 0, 0, 0, [1552507292021009000, 1552507292021010000, 1552507292021121000, 1552507292021124000]]]	tower_0/v/gradients/AddN_9@GPU-0@ 0:(3x3x384x384) 1:(3x3x384x384)->(3x3x384x384) -N i: 2 -t f32
v/cg/affine2/weights	VariableV2	GPU-0	 0:(none)->(4096x1001) -t f32	[[0, 0, 2000, 0, 0, 0, 0, 0, 1, 0, 0, 0, [1552507291911602000, 1552507291911602000, 1552507291911604000, 1552507291911605000]]]	v/cg/affine2/weights@GPU-0@ 0:(none)->(4096x1001) -t f32
tower_0/v/cg/dropout0_1/dropout/dropout/div	Mul	GPU-0	 0:(1) 1:(128x4096)->(128x4096) -t f32	[[0, 0, 40000, 0, 0, 0, 0, 0, 1, 0, 0, 0, [1552507291968580000, 1552507291968580000, 1552507291968620000, 1552507291968623000]]]	tower_0/v/cg/dropout0_1/dropout/dropout/div@GPU-0@ 0:(1) 1:(128x4096)->(128x4096) -t f32
tower_0/v/gradients/tower_0/v/cg/conv1/Relu_grad/ReluGrad	ReluGrad	GPU-0	 0:(128x192x27x27) 1:(128x192x27x27)->(128x192x27x27) -t f32	[[0, 0, 1390000, 0, 0, 0, 0, 0, 1, 0, 0, 0, [1552507292033860000, 1552507292033860000, 1552507292035250000, 1552507292035253000]]]	tower_0/v/gradients/tower_0/v/cg/conv1/Relu_grad/ReluGrad@GPU-0@ 0:(128x192x27x27) 1:(128x192x27x27)->(128x192x27x27) -t f32
tower_0/v/gradients/tower_0/v/cg/affine0/xw_plus_b/MatMul_grad/MatMul_1	MatMul	GPU-0	 0:(128x9216) 1:(128x4096)->(9216x4096) -t f32 -tr_a 1 -tr_b 0	[[0, 0, 2666000, 0, 0, 0, 0, 0, 1, 0, 0, 0, [1552507291976340000, 1552507291976341000, 1552507291979007000, 1552507291979010000]]]	tower_0/v/gradients/tower_0/v/cg/affine0/xw_plus_b/MatMul_grad/MatMul_1@GPU-0@ 0:(128x9216) 1:(128x4096)->(9216x4096) -t f32 -tr_a 1 -tr_b 0
tower_0/v/cg/conv0/Relu	Relu	GPU-0	 0:(128x64x55x55)->(128x64x55x55) -t f32	[[0, 0, 1299000, 0, 0, 0, 0, 0, 1, 0, 0, 0, [1552507291927628000, 1552507291927628000, 1552507291928927000, 1552507291928930000]]]	tower_0/v/cg/conv0/Relu@GPU-0@ 0:(128x64x55x55)->(128x64x55x55) -t f32
tower_0/v/gradients/tower_0/v/cg/mpool0/MaxPool_grad/MaxPoolGrad	MaxPoolGrad	GPU-0	 0:(128x64x55x55) 1:(128x64x27x27) 2:(128x64x27x27)->(128x64x55x55) -t f32 -data_format NHWC -ksize list { i: 1 i: 3 i: 3 i: 1} -strides 1 2 2 1	[[0, 0, 2141000, 0, 0, 0, 0, 0, 1, 0, 0, 0, [1552507292045464000, 1552507292045465000, 1552507292047606000, 1552507292047610000]]]	tower_0/v/gradients/tower_0/v/cg/mpool0/MaxPool_grad/MaxPoolGrad@GPU-0@ 0:(128x64x55x55) 1:(128x64x27x27) 2:(128x64x27x27)->(128x64x55x55) -t f32 -data_format NHWC -ksize list { i: 1 i: 3 i: 3 i: 1} -strides 1 2 2 1
tower_0/v/gradients/AddN_8	AddN	GPU-0	 0:(384) 1:(384)->(384) -N i: 2 -t f32	[[0, 0, 11000, 0, 0, 0, 0, 0, 1, 0, 0, 0, [1552507292020994000, 1552507292020994000, 1552507292021005000, 1552507292021008000]]]	tower_0/v/gradients/AddN_8@GPU-0@ 0:(384) 1:(384)->(384) -N i: 2 -t f32
append_apply_gradient_ops/GradientDescent/update_v/cg/conv4/conv2d/kernel/ApplyGradientDescent	ApplyGradientDescent	GPU-0	 0:(3x3x384x256) 1:(1) 2:(3x3x384x256)->(3x3x384x256) -t f32 -use_locking 0	[[0, 0, 74000, 0, 0, 0, 0, 0, 1, 0, 0, 0, [1552507292020259000, 1552507292020260000, 1552507292020334000, 1552507292020337000]]]	append_apply_gradient_ops/GradientDescent/update_v/cg/conv4/conv2d/kernel/ApplyGradientDescent@GPU-0@ 0:(3x3x384x256) 1:(1) 2:(3x3x384x256)->(3x3x384x256) -t f32 -use_locking 0
tower_0/v/cg/dropout0_1/dropout/dropout/add	Add	GPU-0	 0:(1) 1:(128x4096)->(128x4096) -t f32	[[0, 0, 40000, 0, 0, 0, 0, 0, 1, 0, 0, 0, [1552507291919190000, 1552507291919190000, 1552507291919230000, 1552507291919232000]]]	tower_0/v/cg/dropout0_1/dropout/dropout/add@GPU-0@ 0:(1) 1:(128x4096)->(128x4096) -t f32
ConstantFolding/tower_0/v/gradients/tower_0/v/cg/conv3/conv2d/Conv2D_grad/ShapeN-matshapes-1	ShapeN-matshapes-1	GPU-0	 0:(3x3x384x384) 1:(128x384x13x13)->(4)	[[0, 0, 500, 0, 0, 0, 0, 0, 1, 0, 0, 0, [1552507291947105000, 1552507291947105200, 1552507291947105700, 1552507291947106000]]]	ConstantFolding/tower_0/v/gradients/tower_0/v/cg/conv3/conv2d/Conv2D_grad/ShapeN-matshapes-1@GPU-0@ 0:(3x3x384x384) 1:(128x384x13x13)->(4)
tower_0/v/gradients/tower_0/v/cg/conv1/conv2d/Conv2D_grad/Conv2DBackpropInput-0-LayoutOptimizer	Const	GPU-0	 0:(none)->(4)	[[0, 0, 1000, 0, 0, 0, 0, 0, 1, 0, 0, 0, [1552507291930178000, 1552507291930178000, 1552507291930179000, 1552507291930181000]]]	tower_0/v/gradients/tower_0/v/cg/conv1/conv2d/Conv2D_grad/Conv2DBackpropInput-0-LayoutOptimizer@GPU-0@ 0:(none)->(4)
tower_0/v/gradients/AddN_14	AddN	GPU-0	 0:(64) 1:(64)->(64) -N i: 2 -t f32	[[0, 0, 12000, 0, 0, 0, 0, 0, 1, 0, 0, 0, [1552507292057542000, 1552507292057542000, 1552507292057554000, 1552507292057556000]]]	tower_0/v/gradients/AddN_14@GPU-0@ 0:(64) 1:(64)->(64) -N i: 2 -t f32
v/cg/affine2/biases	VariableV2	GPU-0	 0:(none)->(1001) -t f32	[[0, 0, 4000, 0, 0, 0, 0, 0, 1, 0, 0, 0, [1552507291911588000, 1552507291911588000, 1552507291911592000, 1552507291911593000]]]	v/cg/affine2/biases@GPU-0@ 0:(none)->(1001) -t f32
tower_0/v/cg/conv0/conv2d/Conv2D	Conv2D	GPU-0	 0:(128x3x227x227) 1:(11x11x3x64)->(128x64x55x55) -t f32 -data_format NHWC -strides list { i: 1 i: 4 i: 4 i: 1} -cudnn 1	[[0, 0, 6459000, 0, 0, 0, 0, 0, 1, 0, 0, 0, [1552507291919274000, 1552507291919275000, 1552507291925734000, 1552507291925738000]]]	tower_0/v/cg/conv0/conv2d/Conv2D@GPU-0@ 0:(128x3x227x227) 1:(11x11x3x64)->(128x64x55x55) -t f32 -data_format NHWC -strides list { i: 1 i: 4 i: 4 i: 1} -cudnn 1
tower_0/v/xentropy/sparse_softmax_cross_entropy_loss/value	Select	GPU-0	 0:(1) 1:(1) 2:(1)->(1) -t f32	[[0, 0, 14000, 0, 0, 0, 0, 0, 1, 0, 0, 0, [1552507291970519000, 1552507291970520000, 1552507291970534000, 1552507291970535000]]]	tower_0/v/xentropy/sparse_softmax_cross_entropy_loss/value@GPU-0@ 0:(1) 1:(1) 2:(1)->(1) -t f32
tower_0/v/mul	Mul	GPU-0	 0:(1) 1:(1)->(1) -t f32	[[0, 0, 12000, 0, 0, 0, 0, 0, 1, 0, 0, 0, [1552507291927523000, 1552507291927523000, 1552507291927535000, 1552507291927537000]]]	tower_0/v/mul@GPU-0@ 0:(1) 1:(1)->(1) -t f32
tower_0/v/gpu_cached_inputs	VariableV2	GPU-0	 0:(none)->(128x227x227x3) -t f32	[[0, 0, 2000, 0, 0, 0, 0, 0, 1, 0, 0, 0, [1552507291911637000, 1552507291911637000, 1552507291911639000, 1552507291911640000]]]	tower_0/v/gpu_cached_inputs@GPU-0@ 0:(none)->(128x227x227x3) -t f32
tower_0/v/gradients/tower_0/v/cg/mpool2/MaxPool_grad/MaxPoolGrad	MaxPoolGrad	GPU-0	 0:(128x256x13x13) 1:(128x256x6x6) 2:(128x256x6x6)->(128x256x13x13) -t f32 -data_format NHWC -ksize list { i: 1 i: 3 i: 3 i: 1} -strides 1 2 2 1	[[0, 0, 821000, 0, 0, 0, 0, 0, 1, 0, 0, 0, [1552507291987647000, 1552507291987648000, 1552507291988469000, 1552507291988473000]]]	tower_0/v/gradients/tower_0/v/cg/mpool2/MaxPool_grad/MaxPoolGrad@GPU-0@ 0:(128x256x13x13) 1:(128x256x6x6) 2:(128x256x6x6)->(128x256x13x13) -t f32 -data_format NHWC -ksize list { i: 1 i: 3 i: 3 i: 1} -strides 1 2 2 1
tower_0/v/cg/affine1/xw_plus_b/MatMul	MatMul	GPU-0	 0:(128x4096) 1:(4096x4096)->(128x4096) -t f32 -tr_a 0 -tr_b 0	[[0, 0, 1323000, 0, 0, 0, 0, 0, 1, 0, 0, 0, [1552507291967158000, 1552507291967158000, 1552507291968481000, 1552507291968484000]]]	tower_0/v/cg/affine1/xw_plus_b/MatMul@GPU-0@ 0:(128x4096) 1:(4096x4096)->(128x4096) -t f32 -tr_a 0 -tr_b 0
tower_0/v/gradients/tower_0/v/cg/affine0/xw_plus_b/MatMul_grad/MatMul	MatMul	GPU-0	 0:(128x4096) 1:(9216x4096)->(128x9216) -t f32 -tr_a 0 -tr_b 1	[[0, 0, 2649000, 0, 0, 0, 0, 0, 1, 0, 0, 0, [1552507291979015000, 1552507291979016000, 1552507291981665000, 1552507291981668000]]]	tower_0/v/gradients/tower_0/v/cg/affine0/xw_plus_b/MatMul_grad/MatMul@GPU-0@ 0:(128x4096) 1:(9216x4096)->(128x9216) -t f32 -tr_a 0 -tr_b 1
tower_0/v/gradients/AddN_12	AddN	GPU-0	 0:(192) 1:(192)->(192) -N i: 2 -t f32	[[0, 0, 12000, 0, 0, 0, 0, 0, 1, 0, 0, 0, [1552507292047615000, 1552507292047616000, 1552507292047628000, 1552507292047631000]]]	tower_0/v/gradients/AddN_12@GPU-0@ 0:(192) 1:(192)->(192) -N i: 2 -t f32
tower_0/v/cg/affine1/affine1	Relu	GPU-0	 0:(128x4096)->(128x4096) -t f32	[[0, 0, 37000, 0, 0, 0, 0, 0, 1, 0, 0, 0, [1552507291968540000, 1552507291968540000, 1552507291968577000, 1552507291968579000]]]	tower_0/v/cg/affine1/affine1@GPU-0@ 0:(128x4096)->(128x4096) -t f32
main_fetch_group/_41	Identity	CPU-0	 0:(none)->(1)	[[0, 0, 0, 1000, 0, 0, 0, 0, 0, 1, 0, 0, [1552507292057683000, 1552507292057684000, 1552507292057685000, 1552507292057690000]]]	main_fetch_group/_41@CPU-0@ 0:(none)->(1)
tower_0/v/cg/affine1/xw_plus_b	BiasAdd	GPU-0	 0:(128x4096) 1:(4096)->(128x4096) -t f32 -data_format NHWC	[[0, 0, 45000, 0, 0, 0, 0, 0, 1, 0, 0, 0, [1552507291968490000, 1552507291968491000, 1552507291968536000, 1552507291968538000]]]	tower_0/v/cg/affine1/xw_plus_b@GPU-0@ 0:(128x4096) 1:(4096)->(128x4096) -t f32 -data_format NHWC
learning_rate_tensor/input	Const	GPU-0	 0:(none)->(1) -t f32	[[0, 0, 1000, 0, 0, 0, 0, 0, 1, 0, 0, 0, [1552507291911577000, 1552507291911577000, 1552507291911578000, 1552507291911580000]]]	learning_rate_tensor/input@GPU-0@ 0:(none)->(1) -t f32
tower_0/v/gradients/tower_0/v/cg/mpool1/MaxPool_grad/MaxPoolGrad	MaxPoolGrad	GPU-0	 0:(128x192x27x27) 1:(128x192x13x13) 2:(128x192x13x13)->(128x192x27x27) -t f32 -data_format NHWC -ksize list { i: 1 i: 3 i: 3 i: 1} -strides 1 2 2 1	[[0, 0, 1304000, 0, 0, 0, 0, 0, 1, 0, 0, 0, [1552507292032462000, 1552507292032463000, 1552507292033767000, 1552507292033771000]]]	tower_0/v/gradients/tower_0/v/cg/mpool1/MaxPool_grad/MaxPoolGrad@GPU-0@ 0:(128x192x27x27) 1:(128x192x13x13) 2:(128x192x13x13)->(128x192x27x27) -t f32 -data_format NHWC -ksize list { i: 1 i: 3 i: 3 i: 1} -strides 1 2 2 1
tower_0/v/cg/Reshape/shape	Const	GPU-0	 0:(none)->(2) -t i32	[[0, 0, 500, 0, 0, 0, 0, 0, 1, 0, 0, 0, [1552507291911624000, 1552507291911624200, 1552507291911624700, 1552507291911626000]]]	tower_0/v/cg/Reshape/shape@GPU-0@ 0:(none)->(2) -t i32
tower_0/v/alexnet_synthetic_labels	RandomUniformInt	GPU-0	 0:(1) 1:(1) 2:(1)->(128) -t i32 -Tout i32 -seed i: 123 -seed2 i: 16	[[0, 0, 39000, 0, 0, 0, 0, 0, 1, 0, 0, 0, [1552507291911684000, 1552507291911684000, 1552507291911723000, 1552507291911726000]]]	tower_0/v/alexnet_synthetic_labels@GPU-0@ 0:(1) 1:(1) 2:(1)->(128) -t i32 -Tout i32 -seed i: 123 -seed2 i: 16
tower_0/v/l2_loss/L2Loss_3	L2Loss	GPU-0	 0:(192)->(1) -t f32	[[0, 0, 11000, 0, 0, 0, 0, 0, 1, 0, 0, 0, [1552507291918638000, 1552507291918638000, 1552507291918649000, 1552507291918650000]]]	tower_0/v/l2_loss/L2Loss_3@GPU-0@ 0:(192)->(1) -t f32
tower_0/v/gradients/tower_0/v/l2_loss/L2Loss_7_grad/mul	Mul	GPU-0	 0:(384) 1:(1)->(384) -t f32	[[0, 0, 98000, 0, 0, 0, 0, 0, 1, 0, 0, 0, [1552507291918949000, 1552507291918949000, 1552507291919047000, 1552507291919048000]]]	tower_0/v/gradients/tower_0/v/l2_loss/L2Loss_7_grad/mul@GPU-0@ 0:(384) 1:(1)->(384) -t f32
tower_0/v/gradients/AddN_2	AddN	GPU-0	 0:(4096) 1:(4096)->(4096) -N i: 2 -t f32	[[0, 0, 12000, 0, 0, 0, 0, 0, 1, 0, 0, 0, [1552507291973565000, 1552507291973565000, 1552507291973577000, 1552507291973580000]]]	tower_0/v/gradients/AddN_2@GPU-0@ 0:(4096) 1:(4096)->(4096) -N i: 2 -t f32
tower_0/v/gradients/tower_0/v/cg/conv3/conv2d/Conv2D_grad/Conv2DBackpropInput	Conv2DBackpropInput	GPU-0	 0:(4) 1:(3x3x384x384) 2:(128x384x13x13)->(128x384x13x13) -t f32 -data_format NHWC -p s -cudnn 1	[[0, 0, 9057000, 0, 0, 0, 0, 0, 1, 0, 0, 0, [1552507292002156000, 1552507292002157000, 1552507292011214000, 1552507292011217000]]]	tower_0/v/gradients/tower_0/v/cg/conv3/conv2d/Conv2D_grad/Conv2DBackpropInput@GPU-0@ 0:(4) 1:(3x3x384x384) 2:(128x384x13x13)->(128x384x13x13) -t f32 -data_format NHWC -p s -cudnn 1
average_loss/Mean	Mean	GPU-0	 0:(1) 1:(1)->(1) -t f32 -Tidx i32 -keep_dims b: 0	[[0, 0, 2000, 0, 0, 0, 0, 0, 1, 0, 0, 0, [1552507291976295000, 1552507291976295000, 1552507291976297000, 1552507291976299000]]]	average_loss/Mean@GPU-0@ 0:(1) 1:(1)->(1) -t f32 -Tidx i32 -keep_dims b: 0
tower_0/v/gradients/AddN_13	AddN	GPU-0	 0:(5x5x64x192) 1:(5x5x64x192)->(5x5x64x192) -N i: 2 -t f32	[[0, 0, 34000, 0, 0, 0, 0, 0, 1, 0, 0, 0, [1552507292047634000, 1552507292047634000, 1552507292047668000, 1552507292047671000]]]	tower_0/v/gradients/AddN_13@GPU-0@ 0:(5x5x64x192) 1:(5x5x64x192)->(5x5x64x192) -N i: 2 -t f32
ConstantFolding/tower_0/v/gradients/tower_0/v/cg/conv1/conv2d/Conv2D_grad/ShapeN-matshapes-1	ShapeN-matshapes-1	GPU-0	 0:(5x5x64x192) 1:(128x64x27x27)->(4)	[[0, 0, 1000, 0, 0, 0, 0, 0, 1, 0, 0, 0, [1552507291930182000, 1552507291930182000, 1552507291930183000, 1552507291930184000]]]	ConstantFolding/tower_0/v/gradients/tower_0/v/cg/conv1/conv2d/Conv2D_grad/ShapeN-matshapes-1@GPU-0@ 0:(5x5x64x192) 1:(128x64x27x27)->(4)
tower_0/v/cg/conv4/conv2d/Conv2D	Conv2D	GPU-0	 0:(128x384x13x13) 1:(3x3x384x256)->(128x256x13x13) -t f32 -data_format NHWC -p s -cudnn 1	[[0, 0, 6011000, 0, 0, 0, 0, 0, 1, 0, 0, 0, [1552507291956928000, 1552507291956928000, 1552507291962939000, 1552507291962943000]]]	tower_0/v/cg/conv4/conv2d/Conv2D@GPU-0@ 0:(128x384x13x13) 1:(3x3x384x256)->(128x256x13x13) -t f32 -data_format NHWC -p s -cudnn 1
tower_0/v/xentropy/sparse_softmax_cross_entropy_loss/Greater	Const	GPU-0	 0:(none)->(1) -t f32	[[0, 0, 3000, 0, 0, 0, 0, 0, 1, 0, 0, 0, [1552507291911561000, 1552507291911561000, 1552507291911564000, 1552507291911566000]]]	tower_0/v/xentropy/sparse_softmax_cross_entropy_loss/Greater@GPU-0@ 0:(none)->(1) -t f32
tower_0/v/gradients/tower_0/v/cg/conv4/Relu_grad/ReluGrad	ReluGrad	GPU-0	 0:(128x256x13x13) 1:(128x256x13x13)->(128x256x13x13) -t f32	[[0, 0, 436000, 0, 0, 0, 0, 0, 1, 0, 0, 0, [1552507291988477000, 1552507291988478000, 1552507291988914000, 1552507291988917000]]]	tower_0/v/gradients/tower_0/v/cg/conv4/Relu_grad/ReluGrad@GPU-0@ 0:(128x256x13x13) 1:(128x256x13x13)->(128x256x13x13) -t f32
v/cg/affine2/weights/read	Identity	GPU-0	 0:(4096x1001)->(4096x1001) -t f32	[[0, 0, 1000, 0, 0, 0, 0, 0, 1, 0, 0, 0, [1552507291911729000, 1552507291911729000, 1552507291911730000, 1552507291911731000]]]	v/cg/affine2/weights/read@GPU-0@ 0:(4096x1001)->(4096x1001) -t f32
v/cg/affine1/biases/read	Identity	GPU-0	 0:(4096)->(4096) -t f32	[[0, 0, 1000, 0, 0, 0, 0, 0, 1, 0, 0, 0, [1552507291911805000, 1552507291911805000, 1552507291911806000, 1552507291911808000]]]	v/cg/affine1/biases/read@GPU-0@ 0:(4096)->(4096) -t f32
tower_0/v/l2_loss/L2Loss_15	L2Loss	GPU-0	 0:(1001)->(1) -t f32	[[0, 0, 15000, 0, 0, 0, 0, 0, 1, 0, 0, 0, [1552507291911851000, 1552507291911851000, 1552507291911866000, 1552507291911868000]]]	tower_0/v/l2_loss/L2Loss_15@GPU-0@ 0:(1001)->(1) -t f32
tower_0/v/xentropy/sparse_softmax_cross_entropy_loss/Sum	Sum	GPU-0	 0:(128) 1:(1)->(1) -t f32 -Tidx i32 -keep_dims b: 0	[[0, 0, 18000, 0, 0, 0, 0, 0, 1, 0, 0, 0, [1552507291969346000, 1552507291969346000, 1552507291969364000, 1552507291969367000]]]	tower_0/v/xentropy/sparse_softmax_cross_entropy_loss/Sum@GPU-0@ 0:(128) 1:(1)->(1) -t f32 -Tidx i32 -keep_dims b: 0
append_apply_gradient_ops/GradientDescent/update_v/cg/conv0/conv2d/kernel/ApplyGradientDescent	ApplyGradientDescent	GPU-0	 0:(11x11x3x64) 1:(1) 2:(11x11x3x64)->(11x11x3x64) -t f32 -use_locking 0	[[0, 0, 12000, 0, 0, 0, 0, 0, 1, 0, 0, 0, [1552507292057590000, 1552507292057590000, 1552507292057602000, 1552507292057605000]]]	append_apply_gradient_ops/GradientDescent/update_v/cg/conv0/conv2d/kernel/ApplyGradientDescent@GPU-0@ 0:(11x11x3x64) 1:(1) 2:(11x11x3x64)->(11x11x3x64) -t f32 -use_locking 0
v/cg/conv1/conv2d/kernel	VariableV2	GPU-0	 0:(none)->(5x5x64x192) -t f32	[[0, 0, 2000, 0, 0, 0, 0, 0, 1, 0, 0, 0, [1552507291911650000, 1552507291911650000, 1552507291911652000, 1552507291911653000]]]	v/cg/conv1/conv2d/kernel@GPU-0@ 0:(none)->(5x5x64x192) -t f32
tower_0/v/gradients/tower_0/v/cg/conv4/BiasAdd_grad/BiasAddGrad	BiasAddGrad	GPU-0	 0:(128x256x13x13)->(256) -t f32 -data_format NHWC	[[0, 0, 188000, 0, 0, 0, 0, 0, 1, 0, 0, 0, [1552507291995145000, 1552507291995146000, 1552507291995334000, 1552507291995337000]]]	tower_0/v/gradients/tower_0/v/cg/conv4/BiasAdd_grad/BiasAddGrad@GPU-0@ 0:(128x256x13x13)->(256) -t f32 -data_format NHWC
tower_0/v/gradients/tower_0/v/cg/conv0/conv2d/Conv2D_grad/Conv2DBackpropFilter-0-TransposeNHWCToNCHW-LayoutOptimizer	Transpose	GPU-0	 0:(128x227x227x3) 1:(4)->(128x3x227x227)	[[0, 0, 1914000, 0, 0, 0, 0, 0, 1, 0, 0, 0, [1552507291916570000, 1552507291916570000, 1552507291918484000, 1552507291918487000]]]	tower_0/v/gradients/tower_0/v/cg/conv0/conv2d/Conv2D_grad/Conv2DBackpropFilter-0-TransposeNHWCToNCHW-LayoutOptimizer@GPU-0@ 0:(128x227x227x3) 1:(4)->(128x3x227x227)
tower_0/v/gradients/tower_0/v/cg/conv0/conv2d/Conv2D_grad/Conv2DBackpropFilter	Conv2DBackpropFilter	GPU-0	 0:(128x3x227x227) 1:(4) 2:(128x64x55x55)->(11x11x3x64) -t f32 -data_format NHWC -strides list { i: 1 i: 4 i: 4 i: 1} -cudnn 1	[[0, 0, 7227000, 0, 0, 0, 0, 0, 1, 0, 0, 0, [1552507292050305000, 1552507292050305000, 1552507292057532000, 1552507292057537000]]]	tower_0/v/gradients/tower_0/v/cg/conv0/conv2d/Conv2D_grad/Conv2DBackpropFilter@GPU-0@ 0:(128x3x227x227) 1:(4) 2:(128x64x55x55)->(11x11x3x64) -t f32 -data_format NHWC -strides list { i: 1 i: 4 i: 4 i: 1} -cudnn 1
tower_0/v/cg/conv1/Relu	Relu	GPU-0	 0:(128x192x27x27)->(128x192x27x27) -t f32	[[0, 0, 1685000, 0, 0, 0, 0, 0, 1, 0, 0, 0, [1552507291937505000, 1552507291937506000, 1552507291939191000, 1552507291939195000]]]	tower_0/v/cg/conv1/Relu@GPU-0@ 0:(128x192x27x27)->(128x192x27x27) -t f32
_retval_average_loss/Mean_0_0	_Retval	CPU-0	 0:(1)->(none)	[[0, 0, 0, 2000, 0, 0, 0, 0, 0, 1, 0, 0, [1552507291981783000, 1552507291981784000, 1552507291981786000, 1552507291981788000]]]	_retval_average_loss/Mean_0_0@CPU-0@ 0:(1)->(none)
tower_0/v/gradients/tower_0/v/l2_loss/L2Loss_grad/mul	Mul	GPU-0	 0:(11x11x3x64) 1:(1)->(11x11x3x64) -t f32	[[0, 0, 12000, 0, 0, 0, 0, 0, 1, 0, 0, 0, [1552507291918529000, 1552507291918530000, 1552507291918542000, 1552507291918544000]]]	tower_0/v/gradients/tower_0/v/l2_loss/L2Loss_grad/mul@GPU-0@ 0:(11x11x3x64) 1:(1)->(11x11x3x64) -t f32
v/cg/conv4/biases	VariableV2	GPU-0	 0:(none)->(256) -t f32	[[0, 0, 1000, 0, 0, 0, 0, 0, 1, 0, 0, 0, [1552507291911677000, 1552507291911677000, 1552507291911678000, 1552507291911679000]]]	v/cg/conv4/biases@GPU-0@ 0:(none)->(256) -t f32
tower_0/v/l2_loss/L2Loss_8	L2Loss	GPU-0	 0:(3x3x384x256)->(1) -t f32	[[0, 0, 52000, 0, 0, 0, 0, 0, 1, 0, 0, 0, [1552507291919050000, 1552507291919050000, 1552507291919102000, 1552507291919104000]]]	tower_0/v/l2_loss/L2Loss_8@GPU-0@ 0:(3x3x384x256)->(1) -t f32
append_apply_gradient_ops/GradientDescent/update_v/cg/affine1/biases/ApplyGradientDescent	ApplyGradientDescent	GPU-0	 0:(4096) 1:(1) 2:(4096)->(4096) -t f32 -use_locking 0	[[0, 0, 12000, 0, 0, 0, 0, 0, 1, 0, 0, 0, [1552507291974930000, 1552507291974931000, 1552507291974943000, 1552507291974946000]]]	append_apply_gradient_ops/GradientDescent/update_v/cg/affine1/biases/ApplyGradientDescent@GPU-0@ 0:(4096) 1:(1) 2:(4096)->(4096) -t f32 -use_locking 0
append_apply_gradient_ops/GradientDescent/update_v/cg/affine1/weights/ApplyGradientDescent	ApplyGradientDescent	GPU-0	 0:(4096x4096) 1:(1) 2:(4096x4096)->(4096x4096) -t f32 -use_locking 0	[[0, 0, 1285000, 0, 0, 0, 0, 0, 1, 0, 0, 0, [1552507291974948000, 1552507291974948000, 1552507291976233000, 1552507291976237000]]]	append_apply_gradient_ops/GradientDescent/update_v/cg/affine1/weights/ApplyGradientDescent@GPU-0@ 0:(4096x4096) 1:(1) 2:(4096x4096)->(4096x4096) -t f32 -use_locking 0
tower_0/v/cg/dropout0_1/dropout/dropout/mul	Mul	GPU-0	 0:(128x4096) 1:(128x4096)->(128x4096) -t f32	[[0, 0, 51000, 0, 0, 0, 0, 0, 1, 0, 0, 0, [1552507291968626000, 1552507291968626000, 1552507291968677000, 1552507291968680000]]]	tower_0/v/cg/dropout0_1/dropout/dropout/mul@GPU-0@ 0:(128x4096) 1:(128x4096)->(128x4096) -t f32
v/cg/affine2/biases/read	Identity	GPU-0	 0:(1001)->(1001) -t f32	[[0, 0, 1000, 0, 0, 0, 0, 0, 1, 0, 0, 0, [1552507291911680000, 1552507291911680000, 1552507291911681000, 1552507291911682000]]]	v/cg/affine2/biases/read@GPU-0@ 0:(1001)->(1001) -t f32
tower_0/v/gradients/tower_0/v/xentropy/sparse_softmax_cross_entropy_loss/xentropy/xentropy_grad/ExpandDims	Const	GPU-0	 0:(none)->(128) -t f32 -Tdim i32	[[0, 0, 1000, 0, 0, 0, 0, 0, 1, 0, 0, 0, [1552507291911584000, 1552507291911585000, 1552507291911586000, 1552507291911587000]]]	tower_0/v/gradients/tower_0/v/xentropy/sparse_softmax_cross_entropy_loss/xentropy/xentropy_grad/ExpandDims@GPU-0@ 0:(none)->(128) -t f32 -Tdim i32
tower_0/v/l2_loss/L2Loss_12	L2Loss	GPU-0	 0:(4096x4096)->(1) -t f32	[[0, 0, 432000, 0, 0, 0, 0, 0, 1, 0, 0, 0, [1552507291912299000, 1552507291912299000, 1552507291912731000, 1552507291912733000]]]	tower_0/v/l2_loss/L2Loss_12@GPU-0@ 0:(4096x4096)->(1) -t f32
tower_0/v/cg/dropout0_1/dropout/dropout/random_uniform/RandomUniform	RandomUniform	GPU-0	 0:(2)->(128x4096) -t i32 -t f32 -seed i: 123 -seed2 i: 172	[[0, 0, 31000, 0, 0, 0, 0, 0, 1, 0, 0, 0, [1552507291911732000, 1552507291911733000, 1552507291911764000, 1552507291911766000]]]	tower_0/v/cg/dropout0_1/dropout/dropout/random_uniform/RandomUniform@GPU-0@ 0:(2)->(128x4096) -t i32 -t f32 -seed i: 123 -seed2 i: 172
v/cg/conv0/biases/read	Identity	GPU-0	 0:(64)->(64) -t f32	[[0, 0, 500, 0, 0, 0, 0, 0, 1, 0, 0, 0, [1552507291911826000, 1552507291911826200, 1552507291911826700, 1552507291911827000]]]	v/cg/conv0/biases/read@GPU-0@ 0:(64)->(64) -t f32
_SOURCE	NoOp	GPU-0	 0:(none)->(none)	[[0, 0, 2000, 0, 0, 0, 0, 0, 1, 0, 0, 0, [1552507291911446000, 1552507291911449000, 1552507291911451000, 1552507291911552000]]]	_SOURCE@GPU-0@ 0:(none)->(none)
v/cg/conv2/conv2d/kernel	VariableV2	GPU-0	 0:(none)->(3x3x192x384) -t f32	[[0, 0, 1000, 0, 0, 0, 0, 0, 1, 0, 0, 0, [1552507291911658000, 1552507291911658000, 1552507291911659000, 1552507291911660000]]]	v/cg/conv2/conv2d/kernel@GPU-0@ 0:(none)->(3x3x192x384) -t f32
tower_0/v/cg/dropout0/dropout/dropout/mul	Mul	GPU-0	 0:(128x4096) 1:(128x4096)->(128x4096) -t f32	[[0, 0, 53000, 0, 0, 0, 0, 0, 1, 0, 0, 0, [1552507291967100000, 1552507291967100000, 1552507291967153000, 1552507291967156000]]]	tower_0/v/cg/dropout0/dropout/dropout/mul@GPU-0@ 0:(128x4096) 1:(128x4096)->(128x4096) -t f32
main_fetch_group	NoOp	GPU-0	 0:(none)->(none)	[[0, 0, 500, 0, 0, 0, 0, 0, 1, 0, 0, 0, [1552507292057614000, 1552507292057614200, 1552507292057614700, 1552507292057615000]]]	main_fetch_group@GPU-0@ 0:(none)->(none)
append_apply_gradient_ops/GradientDescent/update_v/cg/conv2/conv2d/kernel/ApplyGradientDescent	ApplyGradientDescent	GPU-0	 0:(3x3x192x384) 1:(1) 2:(3x3x192x384)->(3x3x192x384) -t f32 -use_locking 0	[[0, 0, 60000, 0, 0, 0, 0, 0, 1, 0, 0, 0, [1552507292035271000, 1552507292035272000, 1552507292035332000, 1552507292035334000]]]	append_apply_gradient_ops/GradientDescent/update_v/cg/conv2/conv2d/kernel/ApplyGradientDescent@GPU-0@ 0:(3x3x192x384) 1:(1) 2:(3x3x192x384)->(3x3x192x384) -t f32 -use_locking 0
v/cg/conv4/biases/read	Identity	GPU-0	 0:(256)->(256) -t f32	[[0, 0, 500, 0, 0, 0, 0, 0, 1, 0, 0, 0, [1552507291911848000, 1552507291911848200, 1552507291911848700, 1552507291911850000]]]	v/cg/conv4/biases/read@GPU-0@ 0:(256)->(256) -t f32
ConstantFolding/tower_0/v/xentropy/sparse_softmax_cross_entropy_loss/div_recip	Const	GPU-0	 0:(none)->(1)	[[0, 0, 1000, 0, 0, 0, 0, 0, 1, 0, 0, 0, [1552507291911571000, 1552507291911571000, 1552507291911572000, 1552507291911573000]]]	ConstantFolding/tower_0/v/xentropy/sparse_softmax_cross_entropy_loss/div_recip@GPU-0@ 0:(none)->(1)
tower_0/v/gradients/tower_0/v/cg/conv3/conv2d/Conv2D_grad/Conv2DBackpropInput-0-LayoutOptimizer	Const	GPU-0	 0:(none)->(4)	[[0, 0, 1000, 0, 0, 0, 0, 0, 1, 0, 0, 0, [1552507291947101000, 1552507291947101000, 1552507291947102000, 1552507291947103000]]]	tower_0/v/gradients/tower_0/v/cg/conv3/conv2d/Conv2D_grad/Conv2DBackpropInput-0-LayoutOptimizer@GPU-0@ 0:(none)->(4)
tower_0/v/cg/conv3/BiasAdd	BiasAdd	GPU-0	 0:(128x384x13x13) 1:(384)->(128x384x13x13) -t f32 -data_format NHWC	[[0, 0, 541000, 0, 0, 0, 0, 0, 1, 0, 0, 0, [1552507291955930000, 1552507291955931000, 1552507291956472000, 1552507291956474000]]]	tower_0/v/cg/conv3/BiasAdd@GPU-0@ 0:(128x384x13x13) 1:(384)->(128x384x13x13) -t f32 -data_format NHWC
tower_0/v/gradients/tower_0/v/cg/affine2/xw_plus_b/MatMul_grad/MatMul	MatMul	GPU-0	 0:(128x1001) 1:(4096x1001)->(128x4096) -t f32 -tr_a 0 -tr_b 1	[[0, 0, 365000, 0, 0, 0, 0, 0, 1, 0, 0, 0, [1552507291969733000, 1552507291969733000, 1552507291970098000, 1552507291970101000]]]	tower_0/v/gradients/tower_0/v/cg/affine2/xw_plus_b/MatMul_grad/MatMul@GPU-0@ 0:(128x1001) 1:(4096x1001)->(128x4096) -t f32 -tr_a 0 -tr_b 1
tower_0/v/gradients/tower_0/v/cg/conv2/conv2d/Conv2D_grad/Conv2DBackpropFilter	Conv2DBackpropFilter	GPU-0	 0:(128x192x13x13) 1:(4) 2:(128x384x13x13)->(3x3x192x384) -t f32 -data_format NHWC -p s -cudnn 1	[[0, 0, 5859000, 0, 0, 0, 0, 0, 1, 0, 0, 0, [1552507292026463000, 1552507292026463000, 1552507292032322000, 1552507292032325000]]]	tower_0/v/gradients/tower_0/v/cg/conv2/conv2d/Conv2D_grad/Conv2DBackpropFilter@GPU-0@ 0:(128x192x13x13) 1:(4) 2:(128x384x13x13)->(3x3x192x384) -t f32 -data_format NHWC -p s -cudnn 1
tower_0/v/gradients/tower_0/v/cg/dropout0_1/dropout/dropout/mul_grad/Mul	Mul	GPU-0	 0:(1) 1:(128x4096)->(128x4096) -t f32	[[0, 0, 40000, 0, 0, 0, 0, 0, 1, 0, 0, 0, [1552507291927539000, 1552507291927539000, 1552507291927579000, 1552507291927581000]]]	tower_0/v/gradients/tower_0/v/cg/dropout0_1/dropout/dropout/mul_grad/Mul@GPU-0@ 0:(1) 1:(128x4096)->(128x4096) -t f32
tower_0/v/gradients/tower_0/v/cg/conv2/BiasAdd_grad/BiasAddGrad	BiasAddGrad	GPU-0	 0:(128x384x13x13)->(384) -t f32 -data_format NHWC	[[0, 0, 257000, 0, 0, 0, 0, 0, 1, 0, 0, 0, [1552507292026199000, 1552507292026200000, 1552507292026457000, 1552507292026459000]]]	tower_0/v/gradients/tower_0/v/cg/conv2/BiasAdd_grad/BiasAddGrad@GPU-0@ 0:(128x384x13x13)->(384) -t f32 -data_format NHWC
tower_0/v/l2_loss/L2Loss_14	L2Loss	GPU-0	 0:(4096x1001)->(1) -t f32	[[0, 0, 138000, 0, 0, 0, 0, 0, 1, 0, 0, 0, [1552507291911889000, 1552507291911890000, 1552507291912028000, 1552507291912030000]]]	tower_0/v/l2_loss/L2Loss_14@GPU-0@ 0:(4096x1001)->(1) -t f32
tower_0/v/gradients/AddN_10	AddN	GPU-0	 0:(384) 1:(384)->(384) -N i: 2 -t f32	[[0, 0, 13000, 0, 0, 0, 0, 0, 1, 0, 0, 0, [1552507292033776000, 1552507292033776000, 1552507292033789000, 1552507292033792000]]]	tower_0/v/gradients/AddN_10@GPU-0@ 0:(384) 1:(384)->(384) -N i: 2 -t f32
v/cg/conv0/biases	VariableV2	GPU-0	 0:(none)->(64) -t f32	[[0, 0, 1000, 0, 0, 0, 0, 0, 1, 0, 0, 0, [1552507291911647000, 1552507291911647000, 1552507291911648000, 1552507291911649000]]]	v/cg/conv0/biases@GPU-0@ 0:(none)->(64) -t f32
tower_0/v/gradients/AddN_7	AddN	GPU-0	 0:(3x3x384x256) 1:(3x3x384x256)->(3x3x384x256) -N i: 2 -t f32	[[0, 0, 78000, 0, 0, 0, 0, 0, 1, 0, 0, 0, [1552507292002074000, 1552507292002074000, 1552507292002152000, 1552507292002155000]]]	tower_0/v/gradients/AddN_7@GPU-0@ 0:(3x3x384x256) 1:(3x3x384x256)->(3x3x384x256) -N i: 2 -t f32
tower_0/v/gradients/tower_0/v/cg/affine0/affine0_grad/ReluGrad	ReluGrad	GPU-0	 0:(128x4096) 1:(128x4096)->(128x4096) -t f32	[[0, 0, 52000, 0, 0, 0, 0, 0, 1, 0, 0, 0, [1552507291976238000, 1552507291976239000, 1552507291976291000, 1552507291976293000]]]	tower_0/v/gradients/tower_0/v/cg/affine0/affine0_grad/ReluGrad@GPU-0@ 0:(128x4096) 1:(128x4096)->(128x4096) -t f32
tower_0/v/gradients/AddN_1	AddN	GPU-0	 0:(4096x1001) 1:(4096x1001)->(4096x1001) -N i: 2 -t f32	[[0, 0, 322000, 0, 0, 0, 0, 0, 1, 0, 0, 0, [1552507291970138000, 1552507291970138000, 1552507291970460000, 1552507291970462000]]]	tower_0/v/gradients/AddN_1@GPU-0@ 0:(4096x1001) 1:(4096x1001)->(4096x1001) -N i: 2 -t f32
v/cg/conv1/conv2d/kernel/read	Identity	GPU-0	 0:(5x5x64x192)->(5x5x64x192) -t f32	[[0, 0, 1000, 0, 0, 0, 0, 0, 1, 0, 0, 0, [1552507291911828000, 1552507291911828000, 1552507291911829000, 1552507291911830000]]]	v/cg/conv1/conv2d/kernel/read@GPU-0@ 0:(5x5x64x192)->(5x5x64x192) -t f32
tower_0/v/gradients/tower_0/v/l2_loss/L2Loss_5_grad/mul	Mul	GPU-0	 0:(384) 1:(1)->(384) -t f32	[[0, 0, 10000, 0, 0, 0, 0, 0, 1, 0, 0, 0, [1552507291918776000, 1552507291918776000, 1552507291918786000, 1552507291918788000]]]	tower_0/v/gradients/tower_0/v/l2_loss/L2Loss_5_grad/mul@GPU-0@ 0:(384) 1:(1)->(384) -t f32
tower_0/v/gradients/tower_0/v/cg/conv0/Relu_grad/ReluGrad	ReluGrad	GPU-0	 0:(128x64x55x55) 1:(128x64x55x55)->(128x64x55x55) -t f32	[[0, 0, 1913000, 0, 0, 0, 0, 0, 1, 0, 0, 0, [1552507292047674000, 1552507292047674000, 1552507292049587000, 1552507292049590000]]]	tower_0/v/gradients/tower_0/v/cg/conv0/Relu_grad/ReluGrad@GPU-0@ 0:(128x64x55x55) 1:(128x64x55x55)->(128x64x55x55) -t f32
tower_0/v/gradients/AddN_3	AddN	GPU-0	 0:(4096x4096) 1:(4096x4096)->(4096x4096) -N i: 2 -t f32	[[0, 0, 1283000, 0, 0, 0, 0, 0, 1, 0, 0, 0, [1552507291973581000, 1552507291973582000, 1552507291974865000, 1552507291974868000]]]	tower_0/v/gradients/AddN_3@GPU-0@ 0:(4096x4096) 1:(4096x4096)->(4096x4096) -N i: 2 -t f32
global_step	VariableV2	CPU-0	 0:(none)->(1) -t i64	[[0, 0, 0, 6000, 0, 0, 0, 0, 0, 1, 0, 0, [1552507291911487000, 1552507291911487000, 1552507291911493000, 1552507291911495000]]]	global_step@CPU-0@ 0:(none)->(1) -t i64
tower_0/v/cg/conv4/Relu	Relu	GPU-0	 0:(128x256x13x13)->(128x256x13x13) -t f32	[[0, 0, 299000, 0, 0, 0, 0, 0, 1, 0, 0, 0, [1552507291963318000, 1552507291963318000, 1552507291963617000, 1552507291963619000]]]	tower_0/v/cg/conv4/Relu@GPU-0@ 0:(128x256x13x13)->(128x256x13x13) -t f32
ConstantFolding/tower_0/v/gradients/tower_0/v/cg/conv0/conv2d/Conv2D_grad/ShapeN-matshapes-1	ShapeN-matshapes-1	GPU-0	 0:(11x11x3x64) 1:(128x227x227x3)->(4)	[[0, 0, 1000, 0, 0, 0, 0, 0, 1, 0, 0, 0, [1552507291918546000, 1552507291918546000, 1552507291918547000, 1552507291918548000]]]	ConstantFolding/tower_0/v/gradients/tower_0/v/cg/conv0/conv2d/Conv2D_grad/ShapeN-matshapes-1@GPU-0@ 0:(11x11x3x64) 1:(128x227x227x3)->(4)
append_apply_gradient_ops/GradientDescent/update_v/cg/affine0/biases/ApplyGradientDescent	ApplyGradientDescent	GPU-0	 0:(4096) 1:(1) 2:(4096)->(4096) -t f32 -use_locking 0	[[0, 0, 13000, 0, 0, 0, 0, 0, 1, 0, 0, 0, [1552507291984646000, 1552507291984646000, 1552507291984659000, 1552507291984663000]]]	append_apply_gradient_ops/GradientDescent/update_v/cg/affine0/biases/ApplyGradientDescent@GPU-0@ 0:(4096) 1:(1) 2:(4096)->(4096) -t f32 -use_locking 0
tower_0/v/gradients/AddN_5	AddN	GPU-0	 0:(9216x4096) 1:(9216x4096)->(9216x4096) -N i: 2 -t f32	[[0, 0, 2880000, 0, 0, 0, 0, 0, 1, 0, 0, 0, [1552507291981754000, 1552507291981755000, 1552507291984635000, 1552507291984639000]]]	tower_0/v/gradients/AddN_5@GPU-0@ 0:(9216x4096) 1:(9216x4096)->(9216x4096) -N i: 2 -t f32
tower_0/v/gradients/tower_0/v/cg/affine2/xw_plus_b/MatMul_grad/MatMul_1	MatMul	GPU-0	 0:(128x4096) 1:(128x1001)->(4096x1001) -t f32 -tr_a 1 -tr_b 0	[[0, 0, 329000, 0, 0, 0, 0, 0, 1, 0, 0, 0, [1552507291969396000, 1552507291969397000, 1552507291969726000, 1552507291969728000]]]	tower_0/v/gradients/tower_0/v/cg/affine2/xw_plus_b/MatMul_grad/MatMul_1@GPU-0@ 0:(128x4096) 1:(128x1001)->(4096x1001) -t f32 -tr_a 1 -tr_b 0
tower_0/v/gradients/tower_0/v/cg/conv1/conv2d/Conv2D_grad/Conv2DBackpropFilter	Conv2DBackpropFilter	GPU-0	 0:(128x64x27x27) 1:(4) 2:(128x192x27x27)->(5x5x64x192) -t f32 -data_format NHWC -p s -cudnn 1	[[0, 0, 5088000, 0, 0, 0, 0, 0, 1, 0, 0, 0, [1552507292040366000, 1552507292040367000, 1552507292045455000, 1552507292045458000]]]	tower_0/v/gradients/tower_0/v/cg/conv1/conv2d/Conv2D_grad/Conv2DBackpropFilter@GPU-0@ 0:(128x64x27x27) 1:(4) 2:(128x192x27x27)->(5x5x64x192) -t f32 -data_format NHWC -p s -cudnn 1
tower_0/v/gradients/tower_0/v/cg/conv2/conv2d/Conv2D_grad/Conv2DBackpropInput	Conv2DBackpropInput	GPU-0	 0:(4) 1:(3x3x192x384) 2:(128x384x13x13)->(128x192x13x13) -t f32 -data_format NHWC -p s -cudnn 1	[[0, 0, 5064000, 0, 0, 0, 0, 0, 1, 0, 0, 0, [1552507292021126000, 1552507292021126000, 1552507292026190000, 1552507292026194000]]]	tower_0/v/gradients/tower_0/v/cg/conv2/conv2d/Conv2D_grad/Conv2DBackpropInput@GPU-0@ 0:(4) 1:(3x3x192x384) 2:(128x384x13x13)->(128x192x13x13) -t f32 -data_format NHWC -p s -cudnn 1
average_loss/Mean/input	ExpandDims	GPU-0	 0:(1) 1:(1)->(1) -N i: 1 -t f32 -axis i: 0	[[0, 0, 2000, 0, 0, 0, 0, 0, 1, 0, 0, 0, [1552507291974925000, 1552507291974926000, 1552507291974928000, 1552507291974929000]]]	average_loss/Mean/input@GPU-0@ 0:(1) 1:(1)->(1) -N i: 1 -t f32 -axis i: 0
tower_0/v/cg/affine0/xw_plus_b/MatMul	MatMul	GPU-0	 0:(128x9216) 1:(9216x4096)->(128x4096) -t f32 -tr_a 0 -tr_b 0	[[0, 0, 2953000, 0, 0, 0, 0, 0, 1, 0, 0, 0, [1552507291964009000, 1552507291964009000, 1552507291966962000, 1552507291966964000]]]	tower_0/v/cg/affine0/xw_plus_b/MatMul@GPU-0@ 0:(128x9216) 1:(9216x4096)->(128x4096) -t f32 -tr_a 0 -tr_b 0
tower_0/v/gradients/tower_0/v/cg/mpool2/MaxPool_grad/MaxPoolGrad-2-TransposeNHWCToNCHW-LayoutOptimizer	Transpose	GPU-0	 0:(128x6x6x256) 1:(4)->(128x256x6x6)	[[0, 0, 87000, 0, 0, 0, 0, 0, 1, 0, 0, 0, [1552507291987552000, 1552507291987553000, 1552507291987640000, 1552507291987644000]]]	tower_0/v/gradients/tower_0/v/cg/mpool2/MaxPool_grad/MaxPoolGrad-2-TransposeNHWCToNCHW-LayoutOptimizer@GPU-0@ 0:(128x6x6x256) 1:(4)->(128x256x6x6)
v/cg/conv3/conv2d/kernel	VariableV2	GPU-0	 0:(none)->(3x3x384x384) -t f32	[[0, 0, 2000, 0, 0, 0, 0, 0, 1, 0, 0, 0, [1552507291911665000, 1552507291911665000, 1552507291911667000, 1552507291911668000]]]	v/cg/conv3/conv2d/kernel@GPU-0@ 0:(none)->(3x3x384x384) -t f32
tower_0/v/cg/dropout0_1/dropout/dropout/Shape	Const	GPU-0	 0:(none)->(2) -t i32	[[0, 0, 1000, 0, 0, 0, 0, 0, 1, 0, 0, 0, [1552507291911612000, 1552507291911612000, 1552507291911613000, 1552507291911614000]]]	tower_0/v/cg/dropout0_1/dropout/dropout/Shape@GPU-0@ 0:(none)->(2) -t i32
tower_0/v/gradients/tower_0/v/cg/affine1/xw_plus_b/MatMul_grad/MatMul	MatMul	GPU-0	 0:(128x4096) 1:(4096x4096)->(128x4096) -t f32 -tr_a 0 -tr_b 1	[[0, 0, 1335000, 0, 0, 0, 0, 0, 1, 0, 0, 0, [1552507291972220000, 1552507291972220000, 1552507291973555000, 1552507291973558000]]]	tower_0/v/gradients/tower_0/v/cg/affine1/xw_plus_b/MatMul_grad/MatMul@GPU-0@ 0:(128x4096) 1:(4096x4096)->(128x4096) -t f32 -tr_a 0 -tr_b 1
PermConstNCHWToNHWC-LayoutOptimizer	Const	GPU-0	 0:(none)->(4)	[[0, 0, 1000, 0, 0, 0, 0, 0, 1, 0, 0, 0, [1552507291911622000, 1552507291911622000, 1552507291911623000, 1552507291911624000]]]	PermConstNCHWToNHWC-LayoutOptimizer@GPU-0@ 0:(none)->(4)
tower_0/v/l2_loss/L2Loss_11	L2Loss	GPU-0	 0:(4096)->(1) -t f32	[[0, 0, 16000, 0, 0, 0, 0, 0, 1, 0, 0, 0, [1552507291913620000, 1552507291913620000, 1552507291913636000, 1552507291913638000]]]	tower_0/v/l2_loss/L2Loss_11@GPU-0@ 0:(4096)->(1) -t f32
tower_0/v/cg/dropout0/dropout/dropout/random_uniform/RandomUniform	RandomUniform	GPU-0	 0:(2)->(128x4096) -t i32 -t f32 -seed i: 123 -seed2 i: 144	[[0, 0, 28000, 0, 0, 0, 0, 0, 1, 0, 0, 0, [1552507291911772000, 1552507291911772000, 1552507291911800000, 1552507291911803000]]]	tower_0/v/cg/dropout0/dropout/dropout/random_uniform/RandomUniform@GPU-0@ 0:(2)->(128x4096) -t i32 -t f32 -seed i: 123 -seed2 i: 144
tower_0/v/gradients/tower_0/v/cg/conv4/conv2d/Conv2D_grad/Conv2DBackpropFilter	Conv2DBackpropFilter	GPU-0	 0:(128x384x13x13) 1:(4) 2:(128x256x13x13)->(3x3x384x256) -t f32 -data_format NHWC -p s -cudnn 1	[[0, 0, 6057000, 0, 0, 0, 0, 0, 1, 0, 0, 0, [1552507291995340000, 1552507291995341000, 1552507292001398000, 1552507292001402000]]]	tower_0/v/gradients/tower_0/v/cg/conv4/conv2d/Conv2D_grad/Conv2DBackpropFilter@GPU-0@ 0:(128x384x13x13) 1:(4) 2:(128x256x13x13)->(3x3x384x256) -t f32 -data_format NHWC -p s -cudnn 1
tower_0/v/gradients/tower_0/v/cg/conv3/conv2d/Conv2D_grad/Conv2DBackpropFilter	Conv2DBackpropFilter	GPU-0	 0:(128x384x13x13) 1:(4) 2:(128x384x13x13)->(3x3x384x384) -t f32 -data_format NHWC -p s -cudnn 1	[[0, 0, 8742000, 0, 0, 0, 0, 0, 1, 0, 0, 0, [1552507292011488000, 1552507292011488000, 1552507292020230000, 1552507292020234000]]]	tower_0/v/gradients/tower_0/v/cg/conv3/conv2d/Conv2D_grad/Conv2DBackpropFilter@GPU-0@ 0:(128x384x13x13) 1:(4) 2:(128x384x13x13)->(3x3x384x384) -t f32 -data_format NHWC -p s -cudnn 1
tower_0/v/gradients/tower_0/v/l2_loss/L2Loss_11_grad/mul	Mul	GPU-0	 0:(4096) 1:(1)->(4096) -t f32	[[0, 0, 10000, 0, 0, 0, 0, 0, 1, 0, 0, 0, [1552507291913639000, 1552507291913639000, 1552507291913649000, 1552507291913651000]]]	tower_0/v/gradients/tower_0/v/l2_loss/L2Loss_11_grad/mul@GPU-0@ 0:(4096) 1:(1)->(4096) -t f32
tower_0/v/l2_loss/L2Loss_5	L2Loss	GPU-0	 0:(384)->(1) -t f32	[[0, 0, 10000, 0, 0, 0, 0, 0, 1, 0, 0, 0, [1552507291918761000, 1552507291918762000, 1552507291918772000, 1552507291918774000]]]	tower_0/v/l2_loss/L2Loss_5@GPU-0@ 0:(384)->(1) -t f32
tower_0/v/cg/dropout0_1/dropout/dropout/random_uniform/mul	Snapshot	GPU-0	 0:(128x4096)->(128x4096) -t f32	[[0, 0, 2000, 0, 0, 0, 0, 0, 1, 0, 0, 0, [1552507291912259000, 1552507291912259000, 1552507291912261000, 1552507291912262000]]]	tower_0/v/cg/dropout0_1/dropout/dropout/random_uniform/mul@GPU-0@ 0:(128x4096)->(128x4096) -t f32
v/cg/affine0/weights	VariableV2	GPU-0	 0:(none)->(9216x4096) -t f32	[[0, 0, 2000, 0, 0, 0, 0, 0, 1, 0, 0, 0, [1552507291911631000, 1552507291911631000, 1552507291911633000, 1552507291911634000]]]	v/cg/affine0/weights@GPU-0@ 0:(none)->(9216x4096) -t f32
ConstantFolding/tower_0/v/gradients/tower_0/v/cg/conv2/conv2d/Conv2D_grad/ShapeN-matshapes-1	ShapeN-matshapes-1	GPU-0	 0:(3x3x192x384) 1:(128x192x13x13)->(4)	[[0, 0, 500, 0, 0, 0, 0, 0, 1, 0, 0, 0, [1552507291940141000, 1552507291940141200, 1552507291940141700, 1552507291940142000]]]	ConstantFolding/tower_0/v/gradients/tower_0/v/cg/conv2/conv2d/Conv2D_grad/ShapeN-matshapes-1@GPU-0@ 0:(3x3x192x384) 1:(128x192x13x13)->(4)
tower_0/v/gradients/tower_0/v/cg/conv1/conv2d/Conv2D_grad/Conv2DBackpropInput	Conv2DBackpropInput	GPU-0	 0:(4) 1:(5x5x64x192) 2:(128x192x27x27)->(128x64x27x27) -t f32 -data_format NHWC -p s -cudnn 1	[[0, 0, 4528000, 0, 0, 0, 0, 0, 1, 0, 0, 0, [1552507292035336000, 1552507292035337000, 1552507292039865000, 1552507292039869000]]]	tower_0/v/gradients/tower_0/v/cg/conv1/conv2d/Conv2D_grad/Conv2DBackpropInput@GPU-0@ 0:(4) 1:(5x5x64x192) 2:(128x192x27x27)->(128x64x27x27) -t f32 -data_format NHWC -p s -cudnn 1
tower_0/v/add	Add	GPU-0	 0:(1) 1:(1)->(1) -t f32	[[0, 0, 12000, 0, 0, 0, 0, 0, 1, 0, 0, 0, [1552507291970941000, 1552507291970942000, 1552507291970954000, 1552507291970957000]]]	tower_0/v/add@GPU-0@ 0:(1) 1:(1)->(1) -t f32
v/cg/conv4/conv2d/kernel/read	Identity	GPU-0	 0:(3x3x384x256)->(3x3x384x256) -t f32	[[0, 0, 500, 0, 0, 0, 0, 0, 1, 0, 0, 0, [1552507291911845000, 1552507291911845200, 1552507291911845700, 1552507291911847000]]]	v/cg/conv4/conv2d/kernel/read@GPU-0@ 0:(3x3x384x256)->(3x3x384x256) -t f32
tower_0/v/gradients/tower_0/v/cg/dropout0/dropout/dropout/div_grad/RealDiv	Mul	GPU-0	 0:(128x4096) 1:(128x4096)->(128x4096) -t f32	[[0, 0, 51000, 0, 0, 0, 0, 0, 1, 0, 0, 0, [1552507291974870000, 1552507291974870000, 1552507291974921000, 1552507291974924000]]]	tower_0/v/gradients/tower_0/v/cg/dropout0/dropout/dropout/div_grad/RealDiv@GPU-0@ 0:(128x4096) 1:(128x4096)->(128x4096) -t f32
tower_0/v/l2_loss/L2Loss_2	L2Loss	GPU-0	 0:(5x5x64x192)->(1) -t f32	[[0, 0, 34000, 0, 0, 0, 0, 0, 1, 0, 0, 0, [1552507291918576000, 1552507291918577000, 1552507291918611000, 1552507291918613000]]]	tower_0/v/l2_loss/L2Loss_2@GPU-0@ 0:(5x5x64x192)->(1) -t f32
append_apply_gradient_ops/GradientDescent/update_v/cg/affine0/weights/ApplyGradientDescent	ApplyGradientDescent	GPU-0	 0:(9216x4096) 1:(1) 2:(9216x4096)->(9216x4096) -t f32 -use_locking 0	[[0, 0, 2882000, 0, 0, 0, 0, 0, 1, 0, 0, 0, [1552507291984665000, 1552507291984665000, 1552507291987547000, 1552507291987550000]]]	append_apply_gradient_ops/GradientDescent/update_v/cg/affine0/weights/ApplyGradientDescent@GPU-0@ 0:(9216x4096) 1:(1) 2:(9216x4096)->(9216x4096) -t f32 -use_locking 0
tower_0/v/l2_loss/L2Loss_9	L2Loss	GPU-0	 0:(256)->(1) -t f32	[[0, 0, 10000, 0, 0, 0, 0, 0, 1, 0, 0, 0, [1552507291919163000, 1552507291919163000, 1552507291919173000, 1552507291919175000]]]	tower_0/v/l2_loss/L2Loss_9@GPU-0@ 0:(256)->(1) -t f32
tower_0/v/gradients/AddN_6	AddN	GPU-0	 0:(256) 1:(256)->(256) -N i: 2 -t f32	[[0, 0, 10000, 0, 0, 0, 0, 0, 1, 0, 0, 0, [1552507292002058000, 1552507292002059000, 1552507292002069000, 1552507292002072000]]]	tower_0/v/gradients/AddN_6@GPU-0@ 0:(256) 1:(256)->(256) -N i: 2 -t f32
v/cg/affine0/biases	VariableV2	GPU-0	 0:(none)->(4096) -t f32	[[0, 0, 2000, 0, 0, 0, 0, 0, 1, 0, 0, 0, [1552507291911627000, 1552507291911627000, 1552507291911629000, 1552507291911630000]]]	v/cg/affine0/biases@GPU-0@ 0:(none)->(4096) -t f32
tower_0/v/cg/mpool2/MaxPool	MaxPool	GPU-0	 0:(128x256x13x13)->(128x256x6x6) -t f32 -data_format NHWC -ksize list { i: 1 i: 3 i: 3 i: 1} -strides 1 2 2 1	[[0, 0, 285000, 0, 0, 0, 0, 0, 1, 0, 0, 0, [1552507291963620000, 1552507291963621000, 1552507291963906000, 1552507291963909000]]]	tower_0/v/cg/mpool2/MaxPool@GPU-0@ 0:(128x256x13x13)->(128x256x6x6) -t f32 -data_format NHWC -ksize list { i: 1 i: 3 i: 3 i: 1} -strides 1 2 2 1
append_apply_gradient_ops/GradientDescent/update_v/cg/affine2/weights/ApplyGradientDescent	ApplyGradientDescent	GPU-0	 0:(4096x1001) 1:(1) 2:(4096x1001)->(4096x1001) -t f32 -use_locking 0	[[0, 0, 322000, 0, 0, 0, 0, 0, 1, 0, 0, 0, [1552507291970557000, 1552507291970557000, 1552507291970879000, 1552507291970883000]]]	append_apply_gradient_ops/GradientDescent/update_v/cg/affine2/weights/ApplyGradientDescent@GPU-0@ 0:(4096x1001) 1:(1) 2:(4096x1001)->(4096x1001) -t f32 -use_locking 0
tower_0/v/gradients/AddN	AddN	GPU-0	 0:(1001) 1:(1001)->(1001) -N i: 2 -t f32	[[0, 0, 12000, 0, 0, 0, 0, 0, 1, 0, 0, 0, [1552507291970120000, 1552507291970121000, 1552507291970133000, 1552507291970136000]]]	tower_0/v/gradients/AddN@GPU-0@ 0:(1001) 1:(1001)->(1001) -N i: 2 -t f32
v/cg/conv0/conv2d/kernel/read	Identity	GPU-0	 0:(11x11x3x64)->(11x11x3x64) -t f32	[[0, 0, 500, 0, 0, 0, 0, 0, 1, 0, 0, 0, [1552507291911822000, 1552507291911822200, 1552507291911822700, 1552507291911825000]]]	v/cg/conv0/conv2d/kernel/read@GPU-0@ 0:(11x11x3x64)->(11x11x3x64) -t f32
gpu_compute_stage_ops_group	NoOp	GPU-0	 0:(none)->(none)	[[0, 0, 500, 0, 0, 0, 0, 0, 1, 0, 0, 0, [1552507291911557000, 1552507291911557200, 1552507291911557700, 1552507291911559000]]]	gpu_compute_stage_ops_group@GPU-0@ 0:(none)->(none)
tower_0/v/gradients/tower_0/v/cg/affine1/xw_plus_b/MatMul_grad/MatMul_1	MatMul	GPU-0	 0:(128x4096) 1:(128x4096)->(4096x4096) -t f32 -tr_a 1 -tr_b 0	[[0, 0, 1213000, 0, 0, 0, 0, 0, 1, 0, 0, 0, [1552507291970999000, 1552507291970999000, 1552507291972212000, 1552507291972215000]]]	tower_0/v/gradients/tower_0/v/cg/affine1/xw_plus_b/MatMul_grad/MatMul_1@GPU-0@ 0:(128x4096) 1:(128x4096)->(4096x4096) -t f32 -tr_a 1 -tr_b 0
tower_0/v/cg/conv2/Relu	Relu	GPU-0	 0:(128x384x13x13)->(128x384x13x13) -t f32	[[0, 0, 443000, 0, 0, 0, 0, 0, 1, 0, 0, 0, [1552507291946654000, 1552507291946654000, 1552507291947097000, 1552507291947099000]]]	tower_0/v/cg/conv2/Relu@GPU-0@ 0:(128x384x13x13)->(128x384x13x13) -t f32
tower_0/v/l2_loss/L2Loss_7	L2Loss	GPU-0	 0:(384)->(1) -t f32	[[0, 0, 11000, 0, 0, 0, 0, 0, 1, 0, 0, 0, [1552507291918935000, 1552507291918935000, 1552507291918946000, 1552507291918948000]]]	tower_0/v/l2_loss/L2Loss_7@GPU-0@ 0:(384)->(1) -t f32
v/cg/conv3/biases/read	Identity	GPU-0	 0:(384)->(384) -t f32	[[0, 0, 500, 0, 0, 0, 0, 0, 1, 0, 0, 0, [1552507291911842000, 1552507291911842200, 1552507291911842700, 1552507291911844000]]]	v/cg/conv3/biases/read@GPU-0@ 0:(384)->(384) -t f32
tower_0/v/l2_loss/L2Loss_4	L2Loss	GPU-0	 0:(3x3x192x384)->(1) -t f32	[[0, 0, 47000, 0, 0, 0, 0, 0, 1, 0, 0, 0, [1552507291918665000, 1552507291918665000, 1552507291918712000, 1552507291918714000]]]	tower_0/v/l2_loss/L2Loss_4@GPU-0@ 0:(3x3x192x384)->(1) -t f32
v/cg/affine1/weights/read	Identity	GPU-0	 0:(4096x4096)->(4096x4096) -t f32	[[0, 0, 1000, 0, 0, 0, 0, 0, 1, 0, 0, 0, [1552507291911809000, 1552507291911809000, 1552507291911810000, 1552507291911811000]]]	v/cg/affine1/weights/read@GPU-0@ 0:(4096x4096)->(4096x4096) -t f32
v/cg/conv2/biases	VariableV2	GPU-0	 0:(none)->(384) -t f32	[[0, 0, 2000, 0, 0, 0, 0, 0, 1, 0, 0, 0, [1552507291911661000, 1552507291911661000, 1552507291911663000, 1552507291911664000]]]	v/cg/conv2/biases@GPU-0@ 0:(none)->(384) -t f32
tower_0/v/cg/dropout0/dropout/dropout/random_uniform/mul	Snapshot	GPU-0	 0:(128x4096)->(128x4096) -t f32	[[0, 0, 500, 0, 0, 0, 0, 0, 1, 0, 0, 0, [1552507291912263000, 1552507291912263200, 1552507291912263700, 1552507291912265000]]]	tower_0/v/cg/dropout0/dropout/dropout/random_uniform/mul@GPU-0@ 0:(128x4096)->(128x4096) -t f32
tower_0/v/cg/conv0/BiasAdd	BiasAdd	GPU-0	 0:(128x64x55x55) 1:(64)->(128x64x55x55) -t f32 -data_format NHWC	[[0, 0, 1645000, 0, 0, 0, 0, 0, 1, 0, 0, 0, [1552507291925873000, 1552507291925874000, 1552507291927519000, 1552507291927521000]]]	tower_0/v/cg/conv0/BiasAdd@GPU-0@ 0:(128x64x55x55) 1:(64)->(128x64x55x55) -t f32 -data_format NHWC
append_apply_gradient_ops/GradientDescent/update_v/cg/conv1/conv2d/kernel/ApplyGradientDescent	ApplyGradientDescent	GPU-0	 0:(5x5x64x192) 1:(1) 2:(5x5x64x192)->(5x5x64x192) -t f32 -use_locking 0	[[0, 0, 34000, 0, 0, 0, 0, 0, 1, 0, 0, 0, [1552507292049609000, 1552507292049609000, 1552507292049643000, 1552507292049645000]]]	append_apply_gradient_ops/GradientDescent/update_v/cg/conv1/conv2d/kernel/ApplyGradientDescent@GPU-0@ 0:(5x5x64x192) 1:(1) 2:(5x5x64x192)->(5x5x64x192) -t f32 -use_locking 0
append_apply_gradient_ops/GradientDescent/update_v/cg/conv3/conv2d/kernel/ApplyGradientDescent	ApplyGradientDescent	GPU-0	 0:(3x3x384x384) 1:(1) 2:(3x3x384x384)->(3x3x384x384) -t f32 -use_locking 0	[[0, 0, 109000, 0, 0, 0, 0, 0, 1, 0, 0, 0, [1552507292032349000, 1552507292032349000, 1552507292032458000, 1552507292032461000]]]	append_apply_gradient_ops/GradientDescent/update_v/cg/conv3/conv2d/kernel/ApplyGradientDescent@GPU-0@ 0:(3x3x384x384) 1:(1) 2:(3x3x384x384)->(3x3x384x384) -t f32 -use_locking 0
tower_0/v/xentropy/sparse_softmax_cross_entropy_loss/Mul	Snapshot	GPU-0	 0:(128)->(128) -t f32	[[0, 0, 1000, 0, 0, 0, 0, 0, 1, 0, 0, 0, [1552507291969321000, 1552507291969322000, 1552507291969323000, 1552507291969324000]]]	tower_0/v/xentropy/sparse_softmax_cross_entropy_loss/Mul@GPU-0@ 0:(128)->(128) -t f32
tower_0/v/gradients/AddN_11	AddN	GPU-0	 0:(3x3x192x384) 1:(3x3x192x384)->(3x3x192x384) -N i: 2 -t f32	[[0, 0, 61000, 0, 0, 0, 0, 0, 1, 0, 0, 0, [1552507292033793000, 1552507292033794000, 1552507292033855000, 1552507292033858000]]]	tower_0/v/gradients/AddN_11@GPU-0@ 0:(3x3x192x384) 1:(3x3x192x384)->(3x3x192x384) -N i: 2 -t f32
tower_0/v/gradients/tower_0/v/l2_loss/L2Loss_2_grad/mul	Mul	GPU-0	 0:(5x5x64x192) 1:(1)->(5x5x64x192) -t f32	[[0, 0, 19000, 0, 0, 0, 0, 0, 1, 0, 0, 0, [1552507291918614000, 1552507291918614000, 1552507291918633000, 1552507291918635000]]]	tower_0/v/gradients/tower_0/v/l2_loss/L2Loss_2_grad/mul@GPU-0@ 0:(5x5x64x192) 1:(1)->(5x5x64x192) -t f32
tower_0/v/l2_loss/L2Loss_10	L2Loss	GPU-0	 0:(9216x4096)->(1) -t f32	[[0, 0, 936000, 0, 0, 0, 0, 0, 1, 0, 0, 0, [1552507291913652000, 1552507291913653000, 1552507291914589000, 1552507291914591000]]]	tower_0/v/l2_loss/L2Loss_10@GPU-0@ 0:(9216x4096)->(1) -t f32
tower_0/v/gradients/tower_0/v/cg/Reshape_grad/Shape	Const	GPU-0	 0:(none)->(4) -t i32	[[0, 0, 500, 0, 0, 0, 0, 0, 1, 0, 0, 0, [1552507291911634000, 1552507291911634200, 1552507291911634700, 1552507291911637000]]]	tower_0/v/gradients/tower_0/v/cg/Reshape_grad/Shape@GPU-0@ 0:(none)->(4) -t i32
ConstantFolding/tower_0/v/gradients/tower_0/v/cg/conv4/conv2d/Conv2D_grad/ShapeN-matshapes-1	ShapeN-matshapes-1	GPU-0	 0:(3x3x384x256) 1:(128x384x13x13)->(4)	[[0, 0, 1000, 0, 0, 0, 0, 0, 1, 0, 0, 0, [1552507291956925000, 1552507291956925000, 1552507291956926000, 1552507291956927000]]]	ConstantFolding/tower_0/v/gradients/tower_0/v/cg/conv4/conv2d/Conv2D_grad/ShapeN-matshapes-1@GPU-0@ 0:(3x3x384x256) 1:(128x384x13x13)->(4)
v/cg/conv0/conv2d/kernel	VariableV2	GPU-0	 0:(none)->(11x11x3x64) -t f32	[[0, 0, 1000, 0, 0, 0, 0, 0, 1, 0, 0, 0, [1552507291911643000, 1552507291911644000, 1552507291911645000, 1552507291911646000]]]	v/cg/conv0/conv2d/kernel@GPU-0@ 0:(none)->(11x11x3x64) -t f32
tower_0/v/cg/Reshape	Reshape	GPU-0	 0:(128x6x6x256) 1:(2)->(128x9216) -t f32 -Tshape i32	[[0, 0, 2000, 0, 0, 0, 0, 0, 1, 0, 0, 0, [1552507291964003000, 1552507291964004000, 1552507291964006000, 1552507291964007000]]]	tower_0/v/cg/Reshape@GPU-0@ 0:(128x6x6x256) 1:(2)->(128x9216) -t f32 -Tshape i32
tower_0/v/gradients/AddN_4	AddN	GPU-0	 0:(4096) 1:(4096)->(4096) -N i: 2 -t f32	[[0, 0, 19000, 0, 0, 0, 0, 0, 1, 0, 0, 0, [1552507291981726000, 1552507291981727000, 1552507291981746000, 1552507291981751000]]]	tower_0/v/gradients/AddN_4@GPU-0@ 0:(4096) 1:(4096)->(4096) -N i: 2 -t f32
tower_0/v/gradients/tower_0/v/l2_loss/L2Loss_12_grad/mul	Mul	GPU-0	 0:(4096x4096) 1:(1)->(4096x4096) -t f32	[[0, 0, 878000, 0, 0, 0, 0, 0, 1, 0, 0, 0, [1552507291912735000, 1552507291912736000, 1552507291913614000, 1552507291913616000]]]	tower_0/v/gradients/tower_0/v/l2_loss/L2Loss_12_grad/mul@GPU-0@ 0:(4096x4096) 1:(1)->(4096x4096) -t f32
tower_0/v/gradients/tower_0/v/l2_loss/L2Loss_10_grad/mul	Mul	GPU-0	 0:(9216x4096) 1:(1)->(9216x4096) -t f32	[[0, 0, 1970000, 0, 0, 0, 0, 0, 1, 0, 0, 0, [1552507291914592000, 1552507291914593000, 1552507291916563000, 1552507291916566000]]]	tower_0/v/gradients/tower_0/v/l2_loss/L2Loss_10_grad/mul@GPU-0@ 0:(9216x4096) 1:(1)->(9216x4096) -t f32
v/cg/affine0/weights/read	Identity	GPU-0	 0:(9216x4096)->(9216x4096) -t f32	[[0, 0, 1000, 0, 0, 0, 0, 0, 1, 0, 0, 0, [1552507291911816000, 1552507291911816000, 1552507291911817000, 1552507291911818000]]]	v/cg/affine0/weights/read@GPU-0@ 0:(9216x4096)->(9216x4096) -t f32
v/cg/conv3/biases	VariableV2	GPU-0	 0:(none)->(384) -t f32	[[0, 0, 1000, 0, 0, 0, 0, 0, 1, 0, 0, 0, [1552507291911669000, 1552507291911669000, 1552507291911670000, 1552507291911671000]]]	v/cg/conv3/biases@GPU-0@ 0:(none)->(384) -t f32
tower_0/v/alexnet_synthetic_labels/min	Const	GPU-0	 0:(none)->(1) -t i32	[[0, 0, 1000, 0, 0, 0, 0, 0, 1, 0, 0, 0, [1552507291911597000, 1552507291911597000, 1552507291911598000, 1552507291911599000]]]	tower_0/v/alexnet_synthetic_labels/min@GPU-0@ 0:(none)->(1) -t i32
tower_0/v/gradients/tower_0/v/cg/conv1/BiasAdd_grad/BiasAddGrad	BiasAddGrad	GPU-0	 0:(128x192x27x27)->(192) -t f32 -data_format NHWC	[[0, 0, 485000, 0, 0, 0, 0, 0, 1, 0, 0, 0, [1552507292039875000, 1552507292039875000, 1552507292040360000, 1552507292040362000]]]	tower_0/v/gradients/tower_0/v/cg/conv1/BiasAdd_grad/BiasAddGrad@GPU-0@ 0:(128x192x27x27)->(192) -t f32 -data_format NHWC
tower_0/v/xentropy/sparse_softmax_cross_entropy_loss/Const_1	Const	GPU-0	 0:(none)->(1) -t i32	[[0, 0, 1000, 0, 0, 0, 0, 0, 1, 0, 0, 0, [1552507291911567000, 1552507291911567000, 1552507291911568000, 1552507291911570000]]]	tower_0/v/xentropy/sparse_softmax_cross_entropy_loss/Const_1@GPU-0@ 0:(none)->(1) -t i32
tower_0/v/gradients/tower_0/v/cg/conv4/conv2d/Conv2D_grad/Conv2DBackpropInput	Conv2DBackpropInput	GPU-0	 0:(4) 1:(3x3x384x256) 2:(128x256x13x13)->(128x384x13x13) -t f32 -data_format NHWC -p s -cudnn 1	[[0, 0, 6216000, 0, 0, 0, 0, 0, 1, 0, 0, 0, [1552507291988919000, 1552507291988920000, 1552507291995136000, 1552507291995140000]]]	tower_0/v/gradients/tower_0/v/cg/conv4/conv2d/Conv2D_grad/Conv2DBackpropInput@GPU-0@ 0:(4) 1:(3x3x384x256) 2:(128x256x13x13)->(128x384x13x13) -t f32 -data_format NHWC -p s -cudnn 1
main_fetch_group/_38	Const	GPU-0	 0:(none)->(1)	[[0, 0, 2000, 0, 0, 0, 0, 0, 1, 0, 0, 0, [1552507292057618000, 1552507292057618000, 1552507292057620000, 1552507292057621000]]]	main_fetch_group/_38@GPU-0@ 0:(none)->(1)
tower_0/v/gpu_cached_inputs/read	Identity	GPU-0	 0:(128x227x227x3)->(128x227x227x3) -t f32	[[0, 0, 500, 0, 0, 0, 0, 0, 1, 0, 0, 0, [1552507291911819000, 1552507291911819200, 1552507291911819700, 1552507291911821000]]]	tower_0/v/gpu_cached_inputs/read@GPU-0@ 0:(128x227x227x3)->(128x227x227x3) -t f32
tower_0/v/cg/dropout0_1/dropout/dropout/keep_prob	Const	GPU-0	 0:(none)->(1) -t f32	[[0, 0, 500, 0, 0, 0, 0, 0, 1, 0, 0, 0, [1552507291911609000, 1552507291911609200, 1552507291911609700, 1552507291911611000]]]	tower_0/v/cg/dropout0_1/dropout/dropout/keep_prob@GPU-0@ 0:(none)->(1) -t f32
tower_0/v/cg/conv2/conv2d/Conv2D	Conv2D	GPU-0	 0:(128x192x13x13) 1:(3x3x192x384)->(128x384x13x13) -t f32 -data_format NHWC -p s -cudnn 1	[[0, 0, 5937000, 0, 0, 0, 0, 0, 1, 0, 0, 0, [1552507291940144000, 1552507291940144000, 1552507291946081000, 1552507291946084000]]]	tower_0/v/cg/conv2/conv2d/Conv2D@GPU-0@ 0:(128x192x13x13) 1:(3x3x192x384)->(128x384x13x13) -t f32 -data_format NHWC -p s -cudnn 1
tower_0/v/gradients/tower_0/v/cg/conv3/Relu_grad/ReluGrad	ReluGrad	GPU-0	 0:(128x384x13x13) 1:(128x384x13x13)->(128x384x13x13) -t f32	[[0, 0, 646000, 0, 0, 0, 0, 0, 1, 0, 0, 0, [1552507292001406000, 1552507292001407000, 1552507292002053000, 1552507292002056000]]]	tower_0/v/gradients/tower_0/v/cg/conv3/Relu_grad/ReluGrad@GPU-0@ 0:(128x384x13x13) 1:(128x384x13x13)->(128x384x13x13) -t f32
v/cg/affine1/biases	VariableV2	GPU-0	 0:(none)->(4096) -t f32	[[0, 0, 2000, 0, 0, 0, 0, 0, 1, 0, 0, 0, [1552507291911615000, 1552507291911615000, 1552507291911617000, 1552507291911618000]]]	v/cg/affine1/biases@GPU-0@ 0:(none)->(4096) -t f32
tower_0/v/gradients/tower_0/v/l2_loss/L2Loss_14_grad/mul	Mul	GPU-0	 0:(4096x1001) 1:(1)->(4096x1001) -t f32	[[0, 0, 221000, 0, 0, 0, 0, 0, 1, 0, 0, 0, [1552507291912031000, 1552507291912031000, 1552507291912252000, 1552507291912254000]]]	tower_0/v/gradients/tower_0/v/l2_loss/L2Loss_14_grad/mul@GPU-0@ 0:(4096x1001) 1:(1)->(4096x1001) -t f32
_SOURCE	NoOp	CPU-0	 0:(none)->(none)	[[0, 0, 0, 500, 0, 0, 0, 0, 0, 1, 0, 0, [1552507291911466000, 1552507291911466200, 1552507291911466700, 1552507291911469000]]]	_SOURCE@CPU-0@ 0:(none)->(none)
tower_0/v/cg/conv4/BiasAdd	BiasAdd	GPU-0	 0:(128x256x13x13) 1:(256)->(128x256x13x13) -t f32 -data_format NHWC	[[0, 0, 367000, 0, 0, 0, 0, 0, 1, 0, 0, 0, [1552507291962947000, 1552507291962948000, 1552507291963315000, 1552507291963317000]]]	tower_0/v/cg/conv4/BiasAdd@GPU-0@ 0:(128x256x13x13) 1:(256)->(128x256x13x13) -t f32 -data_format NHWC
tower_0/v/gradients/tower_0/v/cg/affine1/xw_plus_b_grad/BiasAddGrad	BiasAddGrad	GPU-0	 0:(128x4096)->(4096) -t f32 -data_format NHWC	[[0, 0, 36000, 0, 0, 0, 0, 0, 1, 0, 0, 0, [1552507291970959000, 1552507291970959000, 1552507291970995000, 1552507291970997000]]]	tower_0/v/gradients/tower_0/v/cg/affine1/xw_plus_b_grad/BiasAddGrad@GPU-0@ 0:(128x4096)->(4096) -t f32 -data_format NHWC
v/cg/conv1/biases	VariableV2	GPU-0	 0:(none)->(192) -t f32	[[0, 0, 1000, 0, 0, 0, 0, 0, 1, 0, 0, 0, [1552507291911654000, 1552507291911654000, 1552507291911655000, 1552507291911656000]]]	v/cg/conv1/biases@GPU-0@ 0:(none)->(192) -t f32
tower_0/v/gradients/tower_0/v/l2_loss/L2Loss_4_grad/mul	Mul	GPU-0	 0:(3x3x192x384) 1:(1)->(3x3x192x384) -t f32	[[0, 0, 41000, 0, 0, 0, 0, 0, 1, 0, 0, 0, [1552507291918715000, 1552507291918715000, 1552507291918756000, 1552507291918758000]]]	tower_0/v/gradients/tower_0/v/l2_loss/L2Loss_4_grad/mul@GPU-0@ 0:(3x3x192x384) 1:(1)->(3x3x192x384) -t f32
tower_0/v/gradients/tower_0/v/l2_loss/L2Loss_8_grad/mul	Mul	GPU-0	 0:(3x3x384x256) 1:(1)->(3x3x384x256) -t f32	[[0, 0, 53000, 0, 0, 0, 0, 0, 1, 0, 0, 0, [1552507291919105000, 1552507291919105000, 1552507291919158000, 1552507291919160000]]]	tower_0/v/gradients/tower_0/v/l2_loss/L2Loss_8_grad/mul@GPU-0@ 0:(3x3x384x256) 1:(1)->(3x3x384x256) -t f32
tower_0/v/gradients/tower_0/v/cg/conv3/BiasAdd_grad/BiasAddGrad	BiasAddGrad	GPU-0	 0:(128x384x13x13)->(384) -t f32 -data_format NHWC	[[0, 0, 258000, 0, 0, 0, 0, 0, 1, 0, 0, 0, [1552507292011222000, 1552507292011223000, 1552507292011481000, 1552507292011484000]]]	tower_0/v/gradients/tower_0/v/cg/conv3/BiasAdd_grad/BiasAddGrad@GPU-0@ 0:(128x384x13x13)->(384) -t f32 -data_format NHWC
