Op_key, op_path, op_type, op_device, io_shapes, stream_all_time ,sum_stream_n_times, replica_gpu_compute_time, replica_cpu_compute_time,memcpy_time, total_time, stream_all_calls, sum_stream_n_calls,replica_gpu_compute_calls, replica_cpu_compute_calls, memcpy_calls, total_calls, all_start
tower_0/v/gradients/tower_0/v/cg/affine1/affine1_grad/ReluGrad@GPU-0@ 0:(128x4096) 1:(128x4096)->(128x4096) -t f32,tower_0/v/gradients/tower_0/v/cg/affine1/affine1_grad/ReluGrad,ReluGrad,GPU-0, 0:(128x4096) 1:(128x4096)->(128x4096) -t f32,42000,0,60000,0,0,0,1,0,1,0,0,0,[1552507415123908000, 1552507415123909000, 1552507415123969000, 1552507415123972000]
tower_0/v/gradients/tower_0/v/cg/conv2/conv2d/Conv2D_grad/Conv2DBackpropFilter@GPU-0@ 0:(128x192x13x13) 1:(4) 2:(128x384x13x13)->(3x3x192x384) -t f32 -data_format NHWC -p s -cudnn 1,tower_0/v/gradients/tower_0/v/cg/conv2/conv2d/Conv2D_grad/Conv2DBackpropFilter,Conv2DBackpropFilter,GPU-0, 0:(128x192x13x13) 1:(4) 2:(128x384x13x13)->(3x3x192x384) -t f32 -data_format NHWC -p s -cudnn 1,5876000,0,5962000,0,0,0,1,0,1,0,0,0,[1552507415180858000, 1552507415180859000, 1552507415186821000, 1552507415186825000]
tower_0/v/gradients/tower_0/v/cg/conv1/BiasAdd_grad/BiasAddGrad@GPU-0@ 0:(128x192x27x27)->(192) -t f32 -data_format NHWC,tower_0/v/gradients/tower_0/v/cg/conv1/BiasAdd_grad/BiasAddGrad,BiasAddGrad,GPU-0, 0:(128x192x27x27)->(192) -t f32 -data_format NHWC,452000,0,507000,0,0,0,1,0,1,0,0,0,[1552507415194548000, 1552507415194549000, 1552507415195056000, 1552507415195059000]
tower_0/v/cg/dropout0_1/dropout/dropout/random_uniform/mul@GPU-0@ 0:(128x4096)->(128x4096) -t f32,tower_0/v/cg/dropout0_1/dropout/dropout/random_uniform/mul,Snapshot,GPU-0, 0:(128x4096)->(128x4096) -t f32,0,0,2000,0,0,0,0,0,1,0,0,0,[1552507415062902000, 1552507415062903000, 1552507415062905000, 1552507415062906000]
tower_0/v/gradients/tower_0/v/l2_loss/L2Loss_4_grad/mul@GPU-0@ 0:(3x3x192x384) 1:(1)->(3x3x192x384) -t f32,tower_0/v/gradients/tower_0/v/l2_loss/L2Loss_4_grad/mul,Mul,GPU-0, 0:(3x3x192x384) 1:(1)->(3x3x192x384) -t f32,31000,0,50000,0,0,0,1,0,1,0,0,0,[1552507415070214000, 1552507415070214000, 1552507415070264000, 1552507415070267000]
v/cg/affine2/weights/read@GPU-0@ 0:(4096x1001)->(4096x1001) -t f32,v/cg/affine2/weights/read,Identity,GPU-0, 0:(4096x1001)->(4096x1001) -t f32,0,0,1000,0,0,0,0,0,1,0,0,0,[1552507415062298000, 1552507415062299000, 1552507415062300000, 1552507415062302000]
tower_0/v/cg/affine0/xw_plus_b/MatMul@GPU-0@ 0:(128x9216) 1:(9216x4096)->(128x4096) -t f32 -tr_a 0 -tr_b 0,tower_0/v/cg/affine0/xw_plus_b/MatMul,MatMul,GPU-0, 0:(128x9216) 1:(9216x4096)->(128x4096) -t f32 -tr_a 0 -tr_b 0,3166000,0,3199000,0,0,0,1,0,1,0,0,0,[1552507415116318000, 1552507415116318000, 1552507415119517000, 1552507415119520000]
tower_0/v/cg/mpool2/MaxPool@GPU-0@ 0:(128x256x13x13)->(128x256x6x6) -t f32 -data_format NHWC -ksize list { i: 1 i: 3 i: 3 i: 1} -strides 1 2 2 1,tower_0/v/cg/mpool2/MaxPool,MaxPool,GPU-0, 0:(128x256x13x13)->(128x256x6x6) -t f32 -data_format NHWC -ksize list { i: 1 i: 3 i: 3 i: 1} -strides 1 2 2 1,275000,0,302000,0,0,0,1,0,1,0,0,0,[1552507415115896000, 1552507415115896000, 1552507415116198000, 1552507415116201000]
append_apply_gradient_ops/GradientDescent/update_v/cg/conv0/conv2d/kernel/ApplyGradientDescent@GPU-0@ 0:(11x11x3x64) 1:(1) 2:(11x11x3x64)->(11x11x3x64) -t f32 -use_locking 0,append_apply_gradient_ops/GradientDescent/update_v/cg/conv0/conv2d/kernel/ApplyGradientDescent,ApplyGradientDescent,GPU-0, 0:(11x11x3x64) 1:(1) 2:(11x11x3x64)->(11x11x3x64) -t f32 -use_locking 0,3000,0,18000,0,0,0,1,0,1,0,0,0,[1552507415212599000, 1552507415212600000, 1552507415212618000, 1552507415212622000]
tower_0/v/cg/dropout0_1/dropout/dropout/div@GPU-0@ 0:(1) 1:(128x4096)->(128x4096) -t f32,tower_0/v/cg/dropout0_1/dropout/dropout/div,Mul,GPU-0, 0:(1) 1:(128x4096)->(128x4096) -t f32,29000,0,46000,0,0,0,1,0,1,0,0,0,[1552507415121301000, 1552507415121302000, 1552507415121348000, 1552507415121351000]
_retval_inc_global_step/AssignAdd_0_1@CPU-0@ 0:(1)->(none),_retval_inc_global_step/AssignAdd_0_1,_Retval,CPU-0, 0:(1)->(none),0,0,0,500,0,0,0,0,0,1,0,0,[1552507415212746000, 1552507415212746200, 1552507415212746700, 1552507415212749000]
v/cg/conv4/biases@GPU-0@ 0:(none)->(256) -t f32,v/cg/conv4/biases,VariableV2,GPU-0, 0:(none)->(256) -t f32,0,0,2000,0,0,0,0,0,1,0,0,0,[1552507415062221000, 1552507415062221000, 1552507415062223000, 1552507415062224000]
_SOURCE@GPU-0@ 0:(none)->(none),_SOURCE,NoOp,GPU-0, 0:(none)->(none),0,0,4000,0,0,0,0,0,1,0,0,0,[1552507415061945000, 1552507415061948000, 1552507415061952000, 1552507415062079000]
ConstantFolding/tower_0/v/cg/dropout0_1/dropout/dropout/div_recip@GPU-0@ 0:(none)->(1),ConstantFolding/tower_0/v/cg/dropout0_1/dropout/dropout/div_recip,Const,GPU-0, 0:(none)->(1),0,0,1000,0,0,0,0,0,1,0,0,0,[1552507415062142000, 1552507415062142000, 1552507415062143000, 1552507415062145000]
tower_0/v/xentropy/sparse_softmax_cross_entropy_loss/value@GPU-0@ 0:(1) 1:(1) 2:(1)->(1) -t f32,tower_0/v/xentropy/sparse_softmax_cross_entropy_loss/value,Select,GPU-0, 0:(1) 1:(1) 2:(1)->(1) -t f32,2000,0,23000,0,0,0,1,0,1,0,0,0,[1552507415123515000, 1552507415123515000, 1552507415123538000, 1552507415123540000]
tower_0/v/gradients/tower_0/v/cg/conv0/conv2d/Conv2D_grad/Conv2DBackpropFilter@GPU-0@ 0:(128x3x227x227) 1:(4) 2:(128x64x55x55)->(11x11x3x64) -t f32 -data_format NHWC -strides list { i: 1 i: 4 i: 4 i: 1} -cudnn 1,tower_0/v/gradients/tower_0/v/cg/conv0/conv2d/Conv2D_grad/Conv2DBackpropFilter,Conv2DBackpropFilter,GPU-0, 0:(128x3x227x227) 1:(4) 2:(128x64x55x55)->(11x11x3x64) -t f32 -data_format NHWC -strides list { i: 1 i: 4 i: 4 i: 1} -cudnn 1,7223000,0,7333000,0,0,0,1,0,1,0,0,0,[1552507415205180000, 1552507415205180000, 1552507415212513000, 1552507415212518000]
tower_0/v/gradients/tower_0/v/l2_loss/L2Loss_7_grad/mul@GPU-0@ 0:(384) 1:(1)->(384) -t f32,tower_0/v/gradients/tower_0/v/l2_loss/L2Loss_7_grad/mul,Mul,GPU-0, 0:(384) 1:(1)->(384) -t f32,2000,0,17000,0,0,0,1,0,1,0,0,0,[1552507415070512000, 1552507415070513000, 1552507415070530000, 1552507415070533000]
ConstantFolding/tower_0/v/xentropy/sparse_softmax_cross_entropy_loss/div_recip@GPU-0@ 0:(none)->(1),ConstantFolding/tower_0/v/xentropy/sparse_softmax_cross_entropy_loss/div_recip,Const,GPU-0, 0:(none)->(1),0,0,2000,0,0,0,0,0,1,0,0,0,[1552507415062100000, 1552507415062100000, 1552507415062102000, 1552507415062103000]
v/cg/conv0/conv2d/kernel/read@GPU-0@ 0:(11x11x3x64)->(11x11x3x64) -t f32,v/cg/conv0/conv2d/kernel/read,Identity,GPU-0, 0:(11x11x3x64)->(11x11x3x64) -t f32,0,0,1000,0,0,0,0,0,1,0,0,0,[1552507415062412000, 1552507415062412000, 1552507415062413000, 1552507415062414000]
append_apply_gradient_ops/GradientDescent/update_v/cg/affine0/biases/ApplyGradientDescent@GPU-0@ 0:(4096) 1:(1) 2:(4096)->(4096) -t f32 -use_locking 0,append_apply_gradient_ops/GradientDescent/update_v/cg/affine0/biases/ApplyGradientDescent,ApplyGradientDescent,GPU-0, 0:(4096) 1:(1) 2:(4096)->(4096) -t f32 -use_locking 0,4000,0,22000,0,0,0,1,0,1,0,0,0,[1552507415138486000, 1552507415138487000, 1552507415138509000, 1552507415138512000]
v/cg/conv1/biases@GPU-0@ 0:(none)->(192) -t f32,v/cg/conv1/biases,VariableV2,GPU-0, 0:(none)->(192) -t f32,0,0,1000,0,0,0,0,0,1,0,0,0,[1552507415062198000, 1552507415062198000, 1552507415062199000, 1552507415062200000]
tower_0/v/l2_loss/L2Loss_14@GPU-0@ 0:(4096x1001)->(1) -t f32,tower_0/v/l2_loss/L2Loss_14,L2Loss,GPU-0, 0:(4096x1001)->(1) -t f32,110000,0,158000,0,0,0,1,0,1,0,0,0,[1552507415062503000, 1552507415062503000, 1552507415062661000, 1552507415062664000]
tower_0/v/gradients/tower_0/v/l2_loss/L2Loss_11_grad/mul@GPU-0@ 0:(4096) 1:(1)->(4096) -t f32,tower_0/v/gradients/tower_0/v/l2_loss/L2Loss_11_grad/mul,Mul,GPU-0, 0:(4096) 1:(1)->(4096) -t f32,2000,0,18000,0,0,0,1,0,1,0,0,0,[1552507415064352000, 1552507415064353000, 1552507415064371000, 1552507415064373000]
_retval_average_loss/Mean_0_0@CPU-0@ 0:(1)->(none),_retval_average_loss/Mean_0_0,_Retval,CPU-0, 0:(1)->(none),0,0,0,2000,0,0,0,0,0,1,0,0,[1552507415135558000, 1552507415135559000, 1552507415135561000, 1552507415135563000]
tower_0/v/l2_loss/L2Loss_10@GPU-0@ 0:(9216x4096)->(1) -t f32,tower_0/v/l2_loss/L2Loss_10,L2Loss,GPU-0, 0:(9216x4096)->(1) -t f32,920000,0,957000,0,0,0,1,0,1,0,0,0,[1552507415064374000, 1552507415064375000, 1552507415065332000, 1552507415065335000]
ConstantFolding/tower_0/v/gradients/tower_0/v/cg/conv0/conv2d/Conv2D_grad/ShapeN-matshapes-1@GPU-0@ 0:(11x11x3x64) 1:(128x227x227x3)->(4),ConstantFolding/tower_0/v/gradients/tower_0/v/cg/conv0/conv2d/Conv2D_grad/ShapeN-matshapes-1,ShapeN-matshapes-1,GPU-0, 0:(11x11x3x64) 1:(128x227x227x3)->(4),0,0,2000,0,0,0,0,0,1,0,0,0,[1552507415069956000, 1552507415069956000, 1552507415069958000, 1552507415069960000]
tower_0/v/gradients/tower_0/v/cg/conv2/Relu_grad/ReluGrad@GPU-0@ 0:(128x384x13x13) 1:(128x384x13x13)->(128x384x13x13) -t f32,tower_0/v/gradients/tower_0/v/cg/conv2/Relu_grad/ReluGrad,ReluGrad,GPU-0, 0:(128x384x13x13) 1:(128x384x13x13)->(128x384x13x13) -t f32,641000,0,657000,0,0,0,1,0,1,0,0,0,[1552507415174626000, 1552507415174626000, 1552507415175283000, 1552507415175287000]
v/cg/conv4/conv2d/kernel/read@GPU-0@ 0:(3x3x384x256)->(3x3x384x256) -t f32,v/cg/conv4/conv2d/kernel/read,Identity,GPU-0, 0:(3x3x384x256)->(3x3x384x256) -t f32,0,0,1000,0,0,0,0,0,1,0,0,0,[1552507415062438000, 1552507415062439000, 1552507415062440000, 1552507415062441000]
tower_0/v/gradients/tower_0/v/l2_loss/L2Loss_1_grad/mul@GPU-0@ 0:(64) 1:(1)->(64) -t f32,tower_0/v/gradients/tower_0/v/l2_loss/L2Loss_1_grad/mul,Mul,GPU-0, 0:(64) 1:(1)->(64) -t f32,1000,0,19000,0,0,0,1,0,1,0,0,0,[1552507415069984000, 1552507415069984000, 1552507415070003000, 1552507415070006000]
tower_0/v/cg/dropout0/dropout/dropout/random_uniform/RandomUniform@GPU-0@ 0:(2)->(128x4096) -t i32 -t f32 -seed i: 123 -seed2 i: 144,tower_0/v/cg/dropout0/dropout/dropout/random_uniform/RandomUniform,RandomUniform,GPU-0, 0:(2)->(128x4096) -t i32 -t f32 -seed i: 123 -seed2 i: 144,19000,0,37000,0,0,0,1,0,1,0,0,0,[1552507415062351000, 1552507415062351000, 1552507415062388000, 1552507415062390000]
tower_0/v/xentropy/sparse_softmax_cross_entropy_loss/xentropy/xentropy@GPU-0@ 0:(128x1001) 1:(128)->(128)(128x1001 slot 1 slot ) -t f32 -Tlabels i32,tower_0/v/xentropy/sparse_softmax_cross_entropy_loss/xentropy/xentropy,SparseSoftmaxCrossEntropyWithLogits,GPU-0, 0:(128x1001) 1:(128)->(128)(128x1001 slot 1 slot ) -t f32 -Tlabels i32,195000,0,311000,0,0,0,1,0,1,0,0,0,[1552507415121861000, 1552507415121861000, 1552507415122172000, 1552507415122176000]
tower_0/v/gradients/tower_0/v/l2_loss/L2Loss_5_grad/mul@GPU-0@ 0:(384) 1:(1)->(384) -t f32,tower_0/v/gradients/tower_0/v/l2_loss/L2Loss_5_grad/mul,Mul,GPU-0, 0:(384) 1:(1)->(384) -t f32,1000,0,18000,0,0,0,1,0,1,0,0,0,[1552507415070293000, 1552507415070293000, 1552507415070311000, 1552507415070314000]
v/cg/affine2/biases@GPU-0@ 0:(none)->(1001) -t f32,v/cg/affine2/biases,VariableV2,GPU-0, 0:(none)->(1001) -t f32,0,0,4000,0,0,0,0,0,1,0,0,0,[1552507415062121000, 1552507415062121000, 1552507415062125000, 1552507415062126000]
learning_rate_tensor/input@GPU-0@ 0:(none)->(1) -t f32,learning_rate_tensor/input,Const,GPU-0, 0:(none)->(1) -t f32,0,0,1000,0,0,0,0,0,1,0,0,0,[1552507415062107000, 1552507415062108000, 1552507415062109000, 1552507415062111000]
v/cg/conv4/biases/read@GPU-0@ 0:(256)->(256) -t f32,v/cg/conv4/biases/read,Identity,GPU-0, 0:(256)->(256) -t f32,0,0,1000,0,0,0,0,0,1,0,0,0,[1552507415062442000, 1552507415062442000, 1552507415062443000, 1552507415062444000]
tower_0/v/l2_loss/L2Loss_6@GPU-0@ 0:(3x3x384x384)->(1) -t f32,tower_0/v/l2_loss/L2Loss_6,L2Loss,GPU-0, 0:(3x3x384x384)->(1) -t f32,42000,0,80000,0,0,0,1,0,1,0,0,0,[1552507415070316000, 1552507415070316000, 1552507415070396000, 1552507415070398000]
tower_0/v/cg/dropout0/dropout/dropout/random_uniform/mul@GPU-0@ 0:(128x4096)->(128x4096) -t f32,tower_0/v/cg/dropout0/dropout/dropout/random_uniform/mul,Snapshot,GPU-0, 0:(128x4096)->(128x4096) -t f32,0,0,1000,0,0,0,0,0,1,0,0,0,[1552507415062908000, 1552507415062908000, 1552507415062909000, 1552507415062910000]
tower_0/v/l2_loss/L2Loss_8@GPU-0@ 0:(3x3x384x256)->(1) -t f32,tower_0/v/l2_loss/L2Loss_8,L2Loss,GPU-0, 0:(3x3x384x256)->(1) -t f32,32000,0,69000,0,0,0,1,0,1,0,0,0,[1552507415070535000, 1552507415070535000, 1552507415070604000, 1552507415070606000]
tower_0/v/gradients/AddN_8@GPU-0@ 0:(384) 1:(384)->(384) -N i: 2 -t f32,tower_0/v/gradients/AddN_8,AddN,GPU-0, 0:(384) 1:(384)->(384) -N i: 2 -t f32,3000,0,19000,0,0,0,1,0,1,0,0,0,[1552507415175290000, 1552507415175291000, 1552507415175310000, 1552507415175314000]
tower_0/v/gradients/tower_0/v/cg/dropout0/dropout/dropout/mul_grad/Mul@GPU-0@ 0:(1) 1:(128x4096)->(128x4096) -t f32,tower_0/v/gradients/tower_0/v/cg/dropout0/dropout/dropout/mul_grad/Mul,Mul,GPU-0, 0:(1) 1:(128x4096)->(128x4096) -t f32,28000,0,46000,0,0,0,1,0,1,0,0,0,[1552507415079132000, 1552507415079132000, 1552507415079178000, 1552507415079181000]
tower_0/v/cg/conv1/Relu@GPU-0@ 0:(128x192x27x27)->(128x192x27x27) -t f32,tower_0/v/cg/conv1/Relu,Relu,GPU-0, 0:(128x192x27x27)->(128x192x27x27) -t f32,936000,0,955000,0,0,0,1,0,1,0,0,0,[1552507415090185000, 1552507415090186000, 1552507415091141000, 1552507415091144000]
tower_0/v/gradients/tower_0/v/cg/affine0/xw_plus_b_grad/BiasAddGrad@GPU-0@ 0:(128x4096)->(4096) -t f32 -data_format NHWC,tower_0/v/gradients/tower_0/v/cg/affine0/xw_plus_b_grad/BiasAddGrad,BiasAddGrad,GPU-0, 0:(128x4096)->(4096) -t f32 -data_format NHWC,24000,0,48000,0,0,0,1,0,1,0,0,0,[1552507415129641000, 1552507415129641000, 1552507415129689000, 1552507415129691000]
tower_0/v/cg/mpool0/MaxPool@GPU-0@ 0:(128x64x55x55)->(128x64x27x27) -t f32 -data_format NHWC -ksize list { i: 1 i: 3 i: 3 i: 1} -strides 1 2 2 1,tower_0/v/cg/mpool0/MaxPool,MaxPool,GPU-0, 0:(128x64x55x55)->(128x64x27x27) -t f32 -data_format NHWC -ksize list { i: 1 i: 3 i: 3 i: 1} -strides 1 2 2 1,1220000,0,1253000,0,0,0,1,0,1,0,0,0,[1552507415080502000, 1552507415080502000, 1552507415081755000, 1552507415081758000]
tower_0/v/xentropy/sparse_softmax_cross_entropy_loss/zeros_like@GPU-0@ 0:(none)->(1) -t f32,tower_0/v/xentropy/sparse_softmax_cross_entropy_loss/zeros_like,Const,GPU-0, 0:(none)->(1) -t f32,0,0,1000,0,0,0,0,0,1,0,0,0,[1552507415062104000, 1552507415062104000, 1552507415062105000, 1552507415062107000]
tower_0/v/gradients/AddN_15@GPU-0@ 0:(11x11x3x64) 1:(11x11x3x64)->(11x11x3x64) -N i: 2 -t f32,tower_0/v/gradients/AddN_15,AddN,GPU-0, 0:(11x11x3x64) 1:(11x11x3x64)->(11x11x3x64) -N i: 2 -t f32,3000,0,19000,0,0,0,1,0,1,0,0,0,[1552507415212550000, 1552507415212550000, 1552507415212569000, 1552507415212572000]
tower_0/v/cg/conv3/conv2d/Conv2D@GPU-0@ 0:(128x384x13x13) 1:(3x3x384x384)->(128x384x13x13) -t f32 -data_format NHWC -p s -cudnn 1,tower_0/v/cg/conv3/conv2d/Conv2D,Conv2D,GPU-0, 0:(128x384x13x13) 1:(3x3x384x384)->(128x384x13x13) -t f32 -data_format NHWC -p s -cudnn 1,8923000,0,9019000,0,0,0,1,0,1,0,0,0,[1552507415098758000, 1552507415098758000, 1552507415107777000, 1552507415107780000]
tower_0/v/cg/conv2/BiasAdd@GPU-0@ 0:(128x384x13x13) 1:(384)->(128x384x13x13) -t f32 -data_format NHWC,tower_0/v/cg/conv2/BiasAdd,BiasAdd,GPU-0, 0:(128x384x13x13) 1:(384)->(128x384x13x13) -t f32 -data_format NHWC,557000,0,575000,0,0,0,1,0,1,0,0,0,[1552507415097712000, 1552507415097713000, 1552507415098288000, 1552507415098291000]
gpu_compute_stage_ops_group@GPU-0@ 0:(none)->(none),gpu_compute_stage_ops_group,NoOp,GPU-0, 0:(none)->(none),0,0,1000,0,0,0,0,0,1,0,0,0,[1552507415062085000, 1552507415062085000, 1552507415062086000, 1552507415062087000]
tower_0/v/xentropy/sparse_softmax_cross_entropy_loss/Const_1@GPU-0@ 0:(none)->(1) -t i32,tower_0/v/xentropy/sparse_softmax_cross_entropy_loss/Const_1,Const,GPU-0, 0:(none)->(1) -t i32,0,0,1000,0,0,0,0,0,1,0,0,0,[1552507415062095000, 1552507415062095000, 1552507415062096000, 1552507415062099000]
tower_0/v/gradients/tower_0/v/cg/mpool0/MaxPool_grad/MaxPoolGrad@GPU-0@ 0:(128x64x55x55) 1:(128x64x27x27) 2:(128x64x27x27)->(128x64x55x55) -t f32 -data_format NHWC -ksize list { i: 1 i: 3 i: 3 i: 1} -strides 1 2 2 1,tower_0/v/gradients/tower_0/v/cg/mpool0/MaxPool_grad/MaxPoolGrad,MaxPoolGrad,GPU-0, 0:(128x64x55x55) 1:(128x64x27x27) 2:(128x64x27x27)->(128x64x55x55) -t f32 -data_format NHWC -ksize list { i: 1 i: 3 i: 3 i: 1} -strides 1 2 2 1,2141000,0,2169000,0,0,0,1,0,1,0,0,0,[1552507415200231000, 1552507415200232000, 1552507415202401000, 1552507415202405000]
tower_0/v/mul@GPU-0@ 0:(1) 1:(1)->(1) -t f32,tower_0/v/mul,Mul,GPU-0, 0:(1) 1:(1)->(1) -t f32,2000,0,18000,0,0,0,1,0,1,0,0,0,[1552507415079053000, 1552507415079054000, 1552507415079072000, 1552507415079075000]
tower_0/v/gradients/tower_0/v/cg/affine0/xw_plus_b/MatMul_grad/MatMul@GPU-0@ 0:(128x4096) 1:(9216x4096)->(128x9216) -t f32 -tr_a 0 -tr_b 1,tower_0/v/gradients/tower_0/v/cg/affine0/xw_plus_b/MatMul_grad/MatMul,MatMul,GPU-0, 0:(128x4096) 1:(9216x4096)->(128x9216) -t f32 -tr_a 0 -tr_b 1,2863000,0,2884000,0,0,0,1,0,1,0,0,0,[1552507415132580000, 1552507415132581000, 1552507415135465000, 1552507415135469000]
v/cg/affine1/biases@GPU-0@ 0:(none)->(4096) -t f32,v/cg/affine1/biases,VariableV2,GPU-0, 0:(none)->(4096) -t f32,0,0,2000,0,0,0,0,0,1,0,0,0,[1552507415062153000, 1552507415062153000, 1552507415062155000, 1552507415062156000]
tower_0/v/cg/dropout0/dropout/dropout/mul@GPU-0@ 0:(128x4096) 1:(128x4096)->(128x4096) -t f32,tower_0/v/cg/dropout0/dropout/dropout/mul,Mul,GPU-0, 0:(128x4096) 1:(128x4096)->(128x4096) -t f32,42000,0,61000,0,0,0,1,0,1,0,0,0,[1552507415119686000, 1552507415119686000, 1552507415119747000, 1552507415119751000]
tower_0/v/cg/mpool1/MaxPool@GPU-0@ 0:(128x192x27x27)->(128x192x13x13) -t f32 -data_format NHWC -ksize list { i: 1 i: 3 i: 3 i: 1} -strides 1 2 2 1,tower_0/v/cg/mpool1/MaxPool,MaxPool,GPU-0, 0:(128x192x27x27)->(128x192x13x13) -t f32 -data_format NHWC -ksize list { i: 1 i: 3 i: 3 i: 1} -strides 1 2 2 1,1208000,0,1240000,0,0,0,1,0,1,0,0,0,[1552507415091146000, 1552507415091146000, 1552507415092386000, 1552507415092390000]
v/cg/affine0/biases/read@GPU-0@ 0:(4096)->(4096) -t f32,v/cg/affine0/biases/read,Identity,GPU-0, 0:(4096)->(4096) -t f32,0,0,500,0,0,0,0,0,1,0,0,0,[1552507415062402000, 1552507415062402200, 1552507415062402700, 1552507415062405000]
tower_0/v/alexnet_synthetic_labels@GPU-0@ 0:(1) 1:(1) 2:(1)->(128) -t i32 -Tout i32 -seed i: 123 -seed2 i: 16,tower_0/v/alexnet_synthetic_labels,RandomUniformInt,GPU-0, 0:(1) 1:(1) 2:(1)->(128) -t i32 -Tout i32 -seed i: 123 -seed2 i: 16,8000,0,63000,0,0,0,1,0,1,0,0,0,[1552507415062229000, 1552507415062229000, 1552507415062292000, 1552507415062295000]
tower_0/v/cg/dropout0_1/dropout/dropout/random_uniform/RandomUniform@GPU-0@ 0:(2)->(128x4096) -t i32 -t f32 -seed i: 123 -seed2 i: 172,tower_0/v/cg/dropout0_1/dropout/dropout/random_uniform/RandomUniform,RandomUniform,GPU-0, 0:(2)->(128x4096) -t i32 -t f32 -seed i: 123 -seed2 i: 172,19000,0,40000,0,0,0,1,0,1,0,0,0,[1552507415062303000, 1552507415062303000, 1552507415062343000, 1552507415062345000]
tower_0/v/gradients/tower_0/v/cg/conv4/conv2d/Conv2D_grad/Conv2DBackpropInput@GPU-0@ 0:(4) 1:(3x3x384x256) 2:(128x256x13x13)->(128x384x13x13) -t f32 -data_format NHWC -p s -cudnn 1,tower_0/v/gradients/tower_0/v/cg/conv4/conv2d/Conv2D_grad/Conv2DBackpropInput,Conv2DBackpropInput,GPU-0, 0:(4) 1:(3x3x384x256) 2:(128x256x13x13)->(128x384x13x13) -t f32 -data_format NHWC -p s -cudnn 1,6271000,0,6373000,0,0,0,1,0,1,0,0,0,[1552507415142850000, 1552507415142850000, 1552507415149223000, 1552507415149227000]
tower_0/v/cg/dropout0/dropout/dropout/Floor@GPU-0@ 0:(128x4096)->(128x4096) -t f32,tower_0/v/cg/dropout0/dropout/dropout/Floor,Floor,GPU-0, 0:(128x4096)->(128x4096) -t f32,30000,0,45000,0,0,0,1,0,1,0,0,0,[1552507415077337000, 1552507415077337000, 1552507415077382000, 1552507415077384000]
tower_0/v/cg/conv1/conv2d/Conv2D@GPU-0@ 0:(128x64x27x27) 1:(5x5x64x192)->(128x192x27x27) -t f32 -data_format NHWC -p s -cudnn 1,tower_0/v/cg/conv1/conv2d/Conv2D,Conv2D,GPU-0, 0:(128x64x27x27) 1:(5x5x64x192)->(128x192x27x27) -t f32 -data_format NHWC -p s -cudnn 1,5273000,0,7172000,0,0,0,1,0,1,0,0,0,[1552507415081771000, 1552507415081771000, 1552507415088943000, 1552507415088949000]
tower_0/v/gradients/tower_0/v/cg/conv3/conv2d/Conv2D_grad/Conv2DBackpropInput@GPU-0@ 0:(4) 1:(3x3x384x384) 2:(128x384x13x13)->(128x384x13x13) -t f32 -data_format NHWC -p s -cudnn 1,tower_0/v/gradients/tower_0/v/cg/conv3/conv2d/Conv2D_grad/Conv2DBackpropInput,Conv2DBackpropInput,GPU-0, 0:(4) 1:(3x3x384x384) 2:(128x384x13x13)->(128x384x13x13) -t f32 -data_format NHWC -p s -cudnn 1,8748000,0,8837000,0,0,0,1,0,1,0,0,0,[1552507415156446000, 1552507415156446000, 1552507415165283000, 1552507415165286000]
tower_0/v/cg/conv4/BiasAdd@GPU-0@ 0:(128x256x13x13) 1:(256)->(128x256x13x13) -t f32 -data_format NHWC,tower_0/v/cg/conv4/BiasAdd,BiasAdd,GPU-0, 0:(128x256x13x13) 1:(256)->(128x256x13x13) -t f32 -data_format NHWC,371000,0,390000,0,0,0,1,0,1,0,0,0,[1552507415115187000, 1552507415115188000, 1552507415115578000, 1552507415115581000]
tower_0/v/cg/conv0/Relu@GPU-0@ 0:(128x64x55x55)->(128x64x55x55) -t f32,tower_0/v/cg/conv0/Relu,Relu,GPU-0, 0:(128x64x55x55)->(128x64x55x55) -t f32,1293000,0,1312000,0,0,0,1,0,1,0,0,0,[1552507415079184000, 1552507415079185000, 1552507415080497000, 1552507415080500000]
append_apply_gradient_ops/GradientDescent/update_v/cg/affine2/biases/ApplyGradientDescent@GPU-0@ 0:(1001) 1:(1) 2:(1001)->(1001) -t f32 -use_locking 0,append_apply_gradient_ops/GradientDescent/update_v/cg/affine2/biases/ApplyGradientDescent,ApplyGradientDescent,GPU-0, 0:(1001) 1:(1) 2:(1001)->(1001) -t f32 -use_locking 0,3000,0,23000,0,0,0,1,0,1,0,0,0,[1552507415123543000, 1552507415123543000, 1552507415123566000, 1552507415123570000]
v/cg/conv3/biases/read@GPU-0@ 0:(384)->(384) -t f32,v/cg/conv3/biases/read,Identity,GPU-0, 0:(384)->(384) -t f32,0,0,500,0,0,0,0,0,1,0,0,0,[1552507415062435000, 1552507415062435200, 1552507415062435700, 1552507415062438000]
tower_0/v/l2_loss/L2Loss_15@GPU-0@ 0:(1001)->(1) -t f32,tower_0/v/l2_loss/L2Loss_15,L2Loss,GPU-0, 0:(1001)->(1) -t f32,4000,0,25000,0,0,0,1,0,1,0,0,0,[1552507415062445000, 1552507415062445000, 1552507415062470000, 1552507415062472000]
tower_0/v/cg/Reshape/shape@GPU-0@ 0:(none)->(2) -t i32,tower_0/v/cg/Reshape/shape,Const,GPU-0, 0:(none)->(2) -t i32,0,0,500,0,0,0,0,0,1,0,0,0,[1552507415062164000, 1552507415062164200, 1552507415062164700, 1552507415062167000]
tower_0/v/cg/dropout0_1/dropout/dropout/Shape@GPU-0@ 0:(none)->(2) -t i32,tower_0/v/cg/dropout0_1/dropout/dropout/Shape,Const,GPU-0, 0:(none)->(2) -t i32,0,0,1000,0,0,0,0,0,1,0,0,0,[1552507415062149000, 1552507415062149000, 1552507415062150000, 1552507415062151000]
tower_0/v/add@GPU-0@ 0:(1) 1:(1)->(1) -t f32,tower_0/v/add,Add,GPU-0, 0:(1) 1:(1)->(1) -t f32,3000,0,22000,0,0,0,1,0,1,0,0,0,[1552507415123975000, 1552507415123975000, 1552507415123997000, 1552507415124001000]
tower_0/v/gradients/AddN_14@GPU-0@ 0:(64) 1:(64)->(64) -N i: 2 -t f32,tower_0/v/gradients/AddN_14,AddN,GPU-0, 0:(64) 1:(64)->(64) -N i: 2 -t f32,2000,0,20000,0,0,0,1,0,1,0,0,0,[1552507415212523000, 1552507415212524000, 1552507415212544000, 1552507415212547000]
tower_0/v/gradients/tower_0/v/l2_loss/L2Loss_10_grad/mul@GPU-0@ 0:(9216x4096) 1:(1)->(9216x4096) -t f32,tower_0/v/gradients/tower_0/v/l2_loss/L2Loss_10_grad/mul,Mul,GPU-0, 0:(9216x4096) 1:(1)->(9216x4096) -t f32,2122000,0,2145000,0,0,0,1,0,1,0,0,0,[1552507415065336000, 1552507415065337000, 1552507415067482000, 1552507415067487000]
ConstantFolding/tower_0/v/gradients/tower_0/v/cg/conv4/conv2d/Conv2D_grad/ShapeN-matshapes-1@GPU-0@ 0:(3x3x384x256) 1:(128x384x13x13)->(4),ConstantFolding/tower_0/v/gradients/tower_0/v/cg/conv4/conv2d/Conv2D_grad/ShapeN-matshapes-1,ShapeN-matshapes-1,GPU-0, 0:(3x3x384x256) 1:(128x384x13x13)->(4),0,0,1000,0,0,0,0,0,1,0,0,0,[1552507415108817000, 1552507415108817000, 1552507415108818000, 1552507415108819000]
tower_0/v/gradients/tower_0/v/xentropy/sparse_softmax_cross_entropy_loss/xentropy/xentropy_grad/ExpandDims@GPU-0@ 0:(none)->(128) -t f32 -Tdim i32,tower_0/v/gradients/tower_0/v/xentropy/sparse_softmax_cross_entropy_loss/xentropy/xentropy_grad/ExpandDims,Const,GPU-0, 0:(none)->(128) -t f32 -Tdim i32,0,0,2000,0,0,0,0,0,1,0,0,0,[1552507415062116000, 1552507415062117000, 1552507415062119000, 1552507415062120000]
tower_0/v/gradients/tower_0/v/cg/conv2/conv2d/Conv2D_grad/Conv2DBackpropInput@GPU-0@ 0:(4) 1:(3x3x192x384) 2:(128x384x13x13)->(128x192x13x13) -t f32 -data_format NHWC -p s -cudnn 1,tower_0/v/gradients/tower_0/v/cg/conv2/conv2d/Conv2D_grad/Conv2DBackpropInput,Conv2DBackpropInput,GPU-0, 0:(4) 1:(3x3x192x384) 2:(128x384x13x13)->(128x192x13x13) -t f32 -data_format NHWC -p s -cudnn 1,5016000,0,5119000,0,0,0,1,0,1,0,0,0,[1552507415175440000, 1552507415175441000, 1552507415180560000, 1552507415180564000]
tower_0/v/gradients/tower_0/v/l2_loss/L2Loss_6_grad/mul@GPU-0@ 0:(3x3x384x384) 1:(1)->(3x3x384x384) -t f32,tower_0/v/gradients/tower_0/v/l2_loss/L2Loss_6_grad/mul,Mul,GPU-0, 0:(3x3x384x384) 1:(1)->(3x3x384x384) -t f32,65000,0,84000,0,0,0,1,0,1,0,0,0,[1552507415070400000, 1552507415070400000, 1552507415070484000, 1552507415070487000]
global_step@CPU-0@ 0:(none)->(1) -t i64,global_step,VariableV2,CPU-0, 0:(none)->(1) -t i64,0,0,0,8000,0,0,0,0,0,1,0,0,[1552507415061985000, 1552507415061986000, 1552507415061994000, 1552507415061997000]
tower_0/v/l2_loss/L2Loss@GPU-0@ 0:(11x11x3x64)->(1) -t f32,tower_0/v/l2_loss/L2Loss,L2Loss,GPU-0, 0:(11x11x3x64)->(1) -t f32,6000,0,440000,0,0,0,1,0,1,0,0,0,[1552507415069480000, 1552507415069481000, 1552507415069921000, 1552507415069924000]
append_apply_gradient_ops/GradientDescent@GPU-0@ 0:(none)->(none),append_apply_gradient_ops/GradientDescent,NoOp,GPU-0, 0:(none)->(none),0,0,1000,0,0,0,0,0,1,0,0,0,[1552507415212623000, 1552507415212624000, 1552507415212625000, 1552507415212626000]
tower_0/v/cg/conv4/conv2d/Conv2D@GPU-0@ 0:(128x384x13x13) 1:(3x3x384x256)->(128x256x13x13) -t f32 -data_format NHWC -p s -cudnn 1,tower_0/v/cg/conv4/conv2d/Conv2D,Conv2D,GPU-0, 0:(128x384x13x13) 1:(3x3x384x256)->(128x256x13x13) -t f32 -data_format NHWC -p s -cudnn 1,6271000,0,6359000,0,0,0,1,0,1,0,0,0,[1552507415108820000, 1552507415108820000, 1552507415115179000, 1552507415115183000]
v/cg/affine0/weights/read@GPU-0@ 0:(9216x4096)->(9216x4096) -t f32,v/cg/affine0/weights/read,Identity,GPU-0, 0:(9216x4096)->(9216x4096) -t f32,0,0,1000,0,0,0,0,0,1,0,0,0,[1552507415062405000, 1552507415062406000, 1552507415062407000, 1552507415062408000]
tower_0/v/gradients/tower_0/v/cg/conv0/conv2d/Conv2D_grad/Conv2DBackpropFilter-0-TransposeNHWCToNCHW-LayoutOptimizer@GPU-0@ 0:(128x227x227x3) 1:(4)->(128x3x227x227),tower_0/v/gradients/tower_0/v/cg/conv0/conv2d/Conv2D_grad/Conv2DBackpropFilter-0-TransposeNHWCToNCHW-LayoutOptimizer,Transpose,GPU-0, 0:(128x227x227x3) 1:(4)->(128x3x227x227),1927000,0,1971000,0,0,0,1,0,1,0,0,0,[1552507415067494000, 1552507415067495000, 1552507415069466000, 1552507415069473000]
tower_0/v/l2_loss/L2Loss_11@GPU-0@ 0:(4096)->(1) -t f32,tower_0/v/l2_loss/L2Loss_11,L2Loss,GPU-0, 0:(4096)->(1) -t f32,7000,0,23000,0,0,0,1,0,1,0,0,0,[1552507415064324000, 1552507415064325000, 1552507415064348000, 1552507415064351000]
tower_0/v/gradients/tower_0/v/cg/conv0/BiasAdd_grad/BiasAddGrad@GPU-0@ 0:(128x64x55x55)->(64) -t f32 -data_format NHWC,tower_0/v/gradients/tower_0/v/cg/conv0/BiasAdd_grad/BiasAddGrad,BiasAddGrad,GPU-0, 0:(128x64x55x55)->(64) -t f32 -data_format NHWC,613000,0,677000,0,0,0,1,0,1,0,0,0,[1552507415204495000, 1552507415204495000, 1552507415205172000, 1552507415205175000]
tower_0/v/cg/conv1/BiasAdd@GPU-0@ 0:(128x192x27x27) 1:(192)->(128x192x27x27) -t f32 -data_format NHWC,tower_0/v/cg/conv1/BiasAdd,BiasAdd,GPU-0, 0:(128x192x27x27) 1:(192)->(128x192x27x27) -t f32 -data_format NHWC,1196000,0,1221000,0,0,0,1,0,1,0,0,0,[1552507415088957000, 1552507415088959000, 1552507415090180000, 1552507415090183000]
tower_0/v/xentropy/sparse_softmax_cross_entropy_loss/div@GPU-0@ 0:(1) 1:(1)->(1) -t f32,tower_0/v/xentropy/sparse_softmax_cross_entropy_loss/div,Mul,GPU-0, 0:(1) 1:(1)->(1) -t f32,2000,0,21000,0,0,0,1,0,1,0,0,0,[1552507415123063000, 1552507415123064000, 1552507415123085000, 1552507415123087000]
tower_0/v/gradients/AddN@GPU-0@ 0:(1001) 1:(1001)->(1001) -N i: 2 -t f32,tower_0/v/gradients/AddN,AddN,GPU-0, 0:(1001) 1:(1001)->(1001) -N i: 2 -t f32,3000,0,20000,0,0,0,1,0,1,0,0,0,[1552507415123089000, 1552507415123090000, 1552507415123110000, 1552507415123113000]
tower_0/v/gradients/tower_0/v/l2_loss/L2Loss_12_grad/mul@GPU-0@ 0:(4096x4096) 1:(1)->(4096x4096) -t f32,tower_0/v/gradients/tower_0/v/l2_loss/L2Loss_12_grad/mul,Mul,GPU-0, 0:(4096x4096) 1:(1)->(4096x4096) -t f32,872000,0,899000,0,0,0,1,0,1,0,0,0,[1552507415063418000, 1552507415063418000, 1552507415064317000, 1552507415064320000]
tower_0/v/gradients/tower_0/v/cg/affine2/xw_plus_b/MatMul_grad/MatMul@GPU-0@ 0:(128x1001) 1:(4096x1001)->(128x4096) -t f32 -tr_a 0 -tr_b 1,tower_0/v/gradients/tower_0/v/cg/affine2/xw_plus_b/MatMul_grad/MatMul,MatMul,GPU-0, 0:(128x1001) 1:(4096x1001)->(128x4096) -t f32 -tr_a 0 -tr_b 1,379000,0,399000,0,0,0,1,0,1,0,0,0,[1552507415122657000, 1552507415122657000, 1552507415123056000, 1552507415123060000]
tower_0/v/xentropy/sparse_softmax_cross_entropy_loss/Sum@GPU-0@ 0:(128) 1:(1)->(1) -t f32 -Tidx i32 -keep_dims b: 0,tower_0/v/xentropy/sparse_softmax_cross_entropy_loss/Sum,Sum,GPU-0, 0:(128) 1:(1)->(1) -t f32 -Tidx i32 -keep_dims b: 0,3000,0,26000,0,0,0,1,0,1,0,0,0,[1552507415122214000, 1552507415122214000, 1552507415122240000, 1552507415122244000]
tower_0/v/gradients/tower_0/v/cg/Reshape_grad/Reshape@GPU-0@ 0:(128x9216) 1:(4)->(128x6x6x256) -t f32 -Tshape i32,tower_0/v/gradients/tower_0/v/cg/Reshape_grad/Reshape,Reshape,GPU-0, 0:(128x9216) 1:(4)->(128x6x6x256) -t f32 -Tshape i32,0,0,2000,0,0,0,0,0,1,0,0,0,[1552507415138481000, 1552507415138481000, 1552507415138483000, 1552507415138485000]
tower_0/v/gradients/tower_0/v/cg/conv2/BiasAdd_grad/BiasAddGrad@GPU-0@ 0:(128x384x13x13)->(384) -t f32 -data_format NHWC,tower_0/v/gradients/tower_0/v/cg/conv2/BiasAdd_grad/BiasAddGrad,BiasAddGrad,GPU-0, 0:(128x384x13x13)->(384) -t f32 -data_format NHWC,228000,0,282000,0,0,0,1,0,1,0,0,0,[1552507415180569000, 1552507415180570000, 1552507415180852000, 1552507415180854000]
tower_0/v/cg/dropout0/dropout/dropout/add@GPU-0@ 0:(1) 1:(128x4096)->(128x4096) -t f32,tower_0/v/cg/dropout0/dropout/dropout/add,Add,GPU-0, 0:(1) 1:(128x4096)->(128x4096) -t f32,28000,0,45000,0,0,0,1,0,1,0,0,0,[1552507415070771000, 1552507415070772000, 1552507415070817000, 1552507415070819000]
tower_0/v/gradients/tower_0/v/cg/conv0/Relu_grad/ReluGrad@GPU-0@ 0:(128x64x55x55) 1:(128x64x55x55)->(128x64x55x55) -t f32,tower_0/v/gradients/tower_0/v/cg/conv0/Relu_grad/ReluGrad,ReluGrad,GPU-0, 0:(128x64x55x55) 1:(128x64x55x55)->(128x64x55x55) -t f32,1912000,0,1930000,0,0,0,1,0,1,0,0,0,[1552507415202485000, 1552507415202485000, 1552507415204415000, 1552507415204419000]
tower_0/v/gradients/tower_0/v/l2_loss/L2Loss_9_grad/mul@GPU-0@ 0:(256) 1:(1)->(256) -t f32,tower_0/v/gradients/tower_0/v/l2_loss/L2Loss_9_grad/mul,Mul,GPU-0, 0:(256) 1:(1)->(256) -t f32,2000,0,18000,0,0,0,1,0,1,0,0,0,[1552507415070697000, 1552507415070697000, 1552507415070715000, 1552507415070717000]
main_fetch_group/_41@CPU-0@ 0:(none)->(1),main_fetch_group/_41,Identity,CPU-0, 0:(none)->(1),0,0,0,1000,0,0,0,0,0,1,0,0,[1552507415212724000, 1552507415212725000, 1552507415212726000, 1552507415212730000]
tower_0/v/cg/conv0/conv2d/Conv2D@GPU-0@ 0:(128x3x227x227) 1:(11x11x3x64)->(128x64x55x55) -t f32 -data_format NHWC -strides list { i: 1 i: 4 i: 4 i: 1} -cudnn 1,tower_0/v/cg/conv0/conv2d/Conv2D,Conv2D,GPU-0, 0:(128x3x227x227) 1:(11x11x3x64)->(128x64x55x55) -t f32 -data_format NHWC -strides list { i: 1 i: 4 i: 4 i: 1} -cudnn 1,6298000,0,6395000,0,0,0,1,0,1,0,0,0,[1552507415070821000, 1552507415070822000, 1552507415077217000, 1552507415077221000]
append_apply_gradient_ops/GradientDescent/update_v/cg/affine2/weights/ApplyGradientDescent@GPU-0@ 0:(4096x1001) 1:(1) 2:(4096x1001)->(4096x1001) -t f32 -use_locking 0,append_apply_gradient_ops/GradientDescent/update_v/cg/affine2/weights/ApplyGradientDescent,ApplyGradientDescent,GPU-0, 0:(4096x1001) 1:(1) 2:(4096x1001)->(4096x1001) -t f32 -use_locking 0,315000,0,331000,0,0,0,1,0,1,0,0,0,[1552507415123572000, 1552507415123572000, 1552507415123903000, 1552507415123907000]
tower_0/v/gradients/tower_0/v/l2_loss/L2Loss_15_grad/mul@GPU-0@ 0:(1001) 1:(1)->(1001) -t f32,tower_0/v/gradients/tower_0/v/l2_loss/L2Loss_15_grad/mul,Mul,GPU-0, 0:(1001) 1:(1)->(1001) -t f32,2000,0,24000,0,0,0,1,0,1,0,0,0,[1552507415062473000, 1552507415062474000, 1552507415062498000, 1552507415062501000]
inc_global_step/AssignAdd@CPU-0@ 0:(1) 1:(1)->(1) -t i64 -use_locking 0,inc_global_step/AssignAdd,AssignAdd,CPU-0, 0:(1) 1:(1)->(1) -t i64 -use_locking 0,0,0,0,3000,0,0,0,0,0,1,0,0,[1552507415212739000, 1552507415212740000, 1552507415212743000, 1552507415212744000]
v/cg/conv0/biases/read@GPU-0@ 0:(64)->(64) -t f32,v/cg/conv0/biases/read,Identity,GPU-0, 0:(64)->(64) -t f32,0,0,1000,0,0,0,0,0,1,0,0,0,[1552507415062416000, 1552507415062416000, 1552507415062417000, 1552507415062418000]
tower_0/v/l2_loss/L2Loss_12@GPU-0@ 0:(4096x4096)->(1) -t f32,tower_0/v/l2_loss/L2Loss_12,L2Loss,GPU-0, 0:(4096x4096)->(1) -t f32,414000,0,451000,0,0,0,1,0,1,0,0,0,[1552507415062961000, 1552507415062962000, 1552507415063413000, 1552507415063415000]
tower_0/v/gradients/AddN_3@GPU-0@ 0:(4096x4096) 1:(4096x4096)->(4096x4096) -N i: 2 -t f32,tower_0/v/gradients/AddN_3,AddN,GPU-0, 0:(4096x4096) 1:(4096x4096)->(4096x4096) -N i: 2 -t f32,1279000,0,1294000,0,0,0,1,0,1,0,0,0,[1552507415126869000, 1552507415126870000, 1552507415128164000, 1552507415128168000]
v/cg/conv3/biases@GPU-0@ 0:(none)->(384) -t f32,v/cg/conv3/biases,VariableV2,GPU-0, 0:(none)->(384) -t f32,0,0,1000,0,0,0,0,0,1,0,0,0,[1552507415062213000, 1552507415062214000, 1552507415062215000, 1552507415062216000]
tower_0/v/gpu_cached_inputs@GPU-0@ 0:(none)->(128x227x227x3) -t f32,tower_0/v/gpu_cached_inputs,VariableV2,GPU-0, 0:(none)->(128x227x227x3) -t f32,0,0,3000,0,0,0,0,0,1,0,0,0,[1552507415062178000, 1552507415062178000, 1552507415062181000, 1552507415062182000]
tower_0/v/xentropy/sparse_softmax_cross_entropy_loss/Greater@GPU-0@ 0:(none)->(1) -t f32,tower_0/v/xentropy/sparse_softmax_cross_entropy_loss/Greater,Const,GPU-0, 0:(none)->(1) -t f32,0,0,4000,0,0,0,0,0,1,0,0,0,[1552507415062089000, 1552507415062089000, 1552507415062093000, 1552507415062094000]
tower_0/v/cg/affine1/xw_plus_b@GPU-0@ 0:(128x4096) 1:(4096)->(128x4096) -t f32 -data_format NHWC,tower_0/v/cg/affine1/xw_plus_b,BiasAdd,GPU-0, 0:(128x4096) 1:(4096)->(128x4096) -t f32 -data_format NHWC,31000,0,47000,0,0,0,1,0,1,0,0,0,[1552507415121202000, 1552507415121202000, 1552507415121249000, 1552507415121252000]
tower_0/v/cg/Reshape@GPU-0@ 0:(128x6x6x256) 1:(2)->(128x9216) -t f32 -Tshape i32,tower_0/v/cg/Reshape,Reshape,GPU-0, 0:(128x6x6x256) 1:(2)->(128x9216) -t f32 -Tshape i32,0,0,3000,0,0,0,0,0,1,0,0,0,[1552507415116311000, 1552507415116311000, 1552507415116314000, 1552507415116316000]
tower_0/v/gradients/tower_0/v/cg/conv3/Relu_grad/ReluGrad@GPU-0@ 0:(128x384x13x13) 1:(128x384x13x13)->(128x384x13x13) -t f32,tower_0/v/gradients/tower_0/v/cg/conv3/Relu_grad/ReluGrad,ReluGrad,GPU-0, 0:(128x384x13x13) 1:(128x384x13x13)->(128x384x13x13) -t f32,641000,0,661000,0,0,0,1,0,1,0,0,0,[1552507415155663000, 1552507415155664000, 1552507415156325000, 1552507415156329000]
v/cg/conv4/conv2d/kernel@GPU-0@ 0:(none)->(3x3x384x256) -t f32,v/cg/conv4/conv2d/kernel,VariableV2,GPU-0, 0:(none)->(3x3x384x256) -t f32,0,0,1000,0,0,0,0,0,1,0,0,0,[1552507415062217000, 1552507415062218000, 1552507415062219000, 1552507415062220000]
v/cg/affine2/weights@GPU-0@ 0:(none)->(4096x1001) -t f32,v/cg/affine2/weights,VariableV2,GPU-0, 0:(none)->(4096x1001) -t f32,0,0,2000,0,0,0,0,0,1,0,0,0,[1552507415062137000, 1552507415062138000, 1552507415062140000, 1552507415062141000]
v/cg/conv0/conv2d/kernel@GPU-0@ 0:(none)->(11x11x3x64) -t f32,v/cg/conv0/conv2d/kernel,VariableV2,GPU-0, 0:(none)->(11x11x3x64) -t f32,0,0,2000,0,0,0,0,0,1,0,0,0,[1552507415062185000, 1552507415062186000, 1552507415062188000, 1552507415062189000]
tower_0/v/cg/conv3/Relu@GPU-0@ 0:(128x384x13x13)->(128x384x13x13) -t f32,tower_0/v/cg/conv3/Relu,Relu,GPU-0, 0:(128x384x13x13)->(128x384x13x13) -t f32,435000,0,449000,0,0,0,1,0,1,0,0,0,[1552507415108359000, 1552507415108359000, 1552507415108808000, 1552507415108811000]
tower_0/v/gradients/tower_0/v/cg/mpool2/MaxPool_grad/MaxPoolGrad@GPU-0@ 0:(128x256x13x13) 1:(128x256x6x6) 2:(128x256x6x6)->(128x256x13x13) -t f32 -data_format NHWC -ksize list { i: 1 i: 3 i: 3 i: 1} -strides 1 2 2 1,tower_0/v/gradients/tower_0/v/cg/mpool2/MaxPool_grad/MaxPoolGrad,MaxPoolGrad,GPU-0, 0:(128x256x13x13) 1:(128x256x6x6) 2:(128x256x6x6)->(128x256x13x13) -t f32 -data_format NHWC -ksize list { i: 1 i: 3 i: 3 i: 1} -strides 1 2 2 1,816000,0,853000,0,0,0,1,0,1,0,0,0,[1552507415141533000, 1552507415141533000, 1552507415142386000, 1552507415142391000]
v/cg/conv0/biases@GPU-0@ 0:(none)->(64) -t f32,v/cg/conv0/biases,VariableV2,GPU-0, 0:(none)->(64) -t f32,0,0,1000,0,0,0,0,0,1,0,0,0,[1552507415062190000, 1552507415062190000, 1552507415062191000, 1552507415062193000]
tower_0/v/l2_loss/L2Loss_7@GPU-0@ 0:(384)->(1) -t f32,tower_0/v/l2_loss/L2Loss_7,L2Loss,GPU-0, 0:(384)->(1) -t f32,3000,0,18000,0,0,0,1,0,1,0,0,0,[1552507415070490000, 1552507415070491000, 1552507415070509000, 1552507415070511000]
tower_0/v/cg/affine0/affine0@GPU-0@ 0:(128x4096)->(128x4096) -t f32,tower_0/v/cg/affine0/affine0,Relu,GPU-0, 0:(128x4096)->(128x4096) -t f32,29000,0,45000,0,0,0,1,0,1,0,0,0,[1552507415119579000, 1552507415119580000, 1552507415119625000, 1552507415119627000]
tower_0/v/gradients/tower_0/v/cg/Reshape_grad/Shape@GPU-0@ 0:(none)->(4) -t i32,tower_0/v/gradients/tower_0/v/cg/Reshape_grad/Shape,Const,GPU-0, 0:(none)->(4) -t i32,0,0,500,0,0,0,0,0,1,0,0,0,[1552507415062175000, 1552507415062175200, 1552507415062175700, 1552507415062177000]
tower_0/v/cg/conv2/Relu@GPU-0@ 0:(128x384x13x13)->(128x384x13x13) -t f32,tower_0/v/cg/conv2/Relu,Relu,GPU-0, 0:(128x384x13x13)->(128x384x13x13) -t f32,436000,0,452000,0,0,0,1,0,1,0,0,0,[1552507415098293000, 1552507415098294000, 1552507415098746000, 1552507415098748000]
_SOURCE@CPU-0@ 0:(none)->(none),_SOURCE,NoOp,CPU-0, 0:(none)->(none),0,0,0,1000,0,0,0,0,0,1,0,0,[1552507415061963000, 1552507415061964000, 1552507415061965000, 1552507415061967000]
tower_0/v/cg/mpool2/MaxPool-1-0-TransposeNCHWToNHWC-LayoutOptimizer@GPU-0@ 0:(128x256x6x6) 1:(4)->(128x6x6x256),tower_0/v/cg/mpool2/MaxPool-1-0-TransposeNCHWToNHWC-LayoutOptimizer,Transpose,GPU-0, 0:(128x256x6x6) 1:(4)->(128x6x6x256),76000,0,100000,0,0,0,1,0,1,0,0,0,[1552507415116204000, 1552507415116205000, 1552507415116305000, 1552507415116307000]
tower_0/v/cg/dropout0/dropout/dropout/div@GPU-0@ 0:(1) 1:(128x4096)->(128x4096) -t f32,tower_0/v/cg/dropout0/dropout/dropout/div,Mul,GPU-0, 0:(1) 1:(128x4096)->(128x4096) -t f32,29000,0,50000,0,0,0,1,0,1,0,0,0,[1552507415119629000, 1552507415119629000, 1552507415119679000, 1552507415119682000]
tower_0/v/gradients/tower_0/v/cg/affine0/xw_plus_b/MatMul_grad/MatMul_1@GPU-0@ 0:(128x9216) 1:(128x4096)->(9216x4096) -t f32 -tr_a 1 -tr_b 0,tower_0/v/gradients/tower_0/v/cg/affine0/xw_plus_b/MatMul_grad/MatMul_1,MatMul,GPU-0, 0:(128x9216) 1:(128x4096)->(9216x4096) -t f32 -tr_a 1 -tr_b 0,2857000,0,2878000,0,0,0,1,0,1,0,0,0,[1552507415129693000, 1552507415129693000, 1552507415132571000, 1552507415132574000]
PermConstNHWCToNCHW-LayoutOptimizer@GPU-0@ 0:(none)->(4),PermConstNHWCToNCHW-LayoutOptimizer,Const,GPU-0, 0:(none)->(4),0,0,1000,0,0,0,0,0,1,0,0,0,[1552507415062183000, 1552507415062183000, 1552507415062184000, 1552507415062185000]
tower_0/v/gradients/AddN_6@GPU-0@ 0:(256) 1:(256)->(256) -N i: 2 -t f32,tower_0/v/gradients/AddN_6,AddN,GPU-0, 0:(256) 1:(256)->(256) -N i: 2 -t f32,2000,0,18000,0,0,0,1,0,1,0,0,0,[1552507415156331000, 1552507415156332000, 1552507415156350000, 1552507415156353000]
tower_0/v/gradients/tower_0/v/cg/conv2/conv2d/Conv2D_grad/Conv2DBackpropInput-0-LayoutOptimizer@GPU-0@ 0:(none)->(4),tower_0/v/gradients/tower_0/v/cg/conv2/conv2d/Conv2D_grad/Conv2DBackpropInput-0-LayoutOptimizer,Const,GPU-0, 0:(none)->(4),0,0,1000,0,0,0,0,0,1,0,0,0,[1552507415092394000, 1552507415092395000, 1552507415092396000, 1552507415092398000]
tower_0/v/gradients/tower_0/v/cg/dropout0/dropout/dropout/div_grad/RealDiv@GPU-0@ 0:(128x4096) 1:(128x4096)->(128x4096) -t f32,tower_0/v/gradients/tower_0/v/cg/dropout0/dropout/dropout/div_grad/RealDiv,Mul,GPU-0, 0:(128x4096) 1:(128x4096)->(128x4096) -t f32,41000,0,60000,0,0,0,1,0,1,0,0,0,[1552507415128170000, 1552507415128170000, 1552507415128230000, 1552507415128233000]
edge_414_average_loss/Mean/MEMCPYDtoH@GPU-0@(Transfer)->(4 bytes),edge_414_average_loss/Mean/MEMCPYDtoH,MEMCPYDtoH,GPU-0,(Transfer)->(4 bytes),0,0,0,0,1000,0,0,0,0,0,1,0,[1552507415135504000, 1552507415135504000, 1552507415135505000, 1552507415135505000]
ConstantFolding/tower_0/v/gradients/tower_0/v/cg/conv1/conv2d/Conv2D_grad/ShapeN-matshapes-1@GPU-0@ 0:(5x5x64x192) 1:(128x64x27x27)->(4),ConstantFolding/tower_0/v/gradients/tower_0/v/cg/conv1/conv2d/Conv2D_grad/ShapeN-matshapes-1,ShapeN-matshapes-1,GPU-0, 0:(5x5x64x192) 1:(128x64x27x27)->(4),0,0,500,0,0,0,0,0,1,0,0,0,[1552507415081767000, 1552507415081767200, 1552507415081767700, 1552507415081769000]
tower_0/v/l2_loss/L2Loss_4@GPU-0@ 0:(3x3x192x384)->(1) -t f32,tower_0/v/l2_loss/L2Loss_4,L2Loss,GPU-0, 0:(3x3x192x384)->(1) -t f32,28000,0,70000,0,0,0,1,0,1,0,0,0,[1552507415070140000, 1552507415070140000, 1552507415070210000, 1552507415070212000]
tower_0/v/l2_loss/AddN@GPU-0@ 0:(16x1)->(1) -N i: 16 -t f32,tower_0/v/l2_loss/AddN,AddN,GPU-0, 0:(16x1)->(1) -N i: 16 -t f32,5000,0,43000,0,0,0,1,0,1,0,0,0,[1552507415077226000, 1552507415077228000, 1552507415077271000, 1552507415077279000]
v/cg/affine1/weights/read@GPU-0@ 0:(4096x4096)->(4096x4096) -t f32,v/cg/affine1/weights/read,Identity,GPU-0, 0:(4096x4096)->(4096x4096) -t f32,0,0,1000,0,0,0,0,0,1,0,0,0,[1552507415062397000, 1552507415062398000, 1552507415062399000, 1552507415062400000]
v/cg/conv1/biases/read@GPU-0@ 0:(192)->(192) -t f32,v/cg/conv1/biases/read,Identity,GPU-0, 0:(192)->(192) -t f32,0,0,500,0,0,0,0,0,1,0,0,0,[1552507415062422000, 1552507415062422200, 1552507415062422700, 1552507415062425000]
tower_0/v/alexnet_synthetic_labels/max@GPU-0@ 0:(none)->(1) -t i32,tower_0/v/alexnet_synthetic_labels/max,Const,GPU-0, 0:(none)->(1) -t i32,0,0,1000,0,0,0,0,0,1,0,0,0,[1552507415062134000, 1552507415062134000, 1552507415062135000, 1552507415062136000]
tower_0/v/gradients/tower_0/v/cg/dropout0_1/dropout/dropout/mul_grad/Mul@GPU-0@ 0:(1) 1:(128x4096)->(128x4096) -t f32,tower_0/v/gradients/tower_0/v/cg/dropout0_1/dropout/dropout/mul_grad/Mul,Mul,GPU-0, 0:(1) 1:(128x4096)->(128x4096) -t f32,29000,0,48000,0,0,0,1,0,1,0,0,0,[1552507415079076000, 1552507415079077000, 1552507415079125000, 1552507415079128000]
tower_0/v/gradients/AddN_13@GPU-0@ 0:(5x5x64x192) 1:(5x5x64x192)->(5x5x64x192) -N i: 2 -t f32,tower_0/v/gradients/AddN_13,AddN,GPU-0, 0:(5x5x64x192) 1:(5x5x64x192)->(5x5x64x192) -N i: 2 -t f32,24000,0,41000,0,0,0,1,0,1,0,0,0,[1552507415202437000, 1552507415202438000, 1552507415202479000, 1552507415202482000]
tower_0/v/gradients/AddN_1@GPU-0@ 0:(4096x1001) 1:(4096x1001)->(4096x1001) -N i: 2 -t f32,tower_0/v/gradients/AddN_1,AddN,GPU-0, 0:(4096x1001) 1:(4096x1001)->(4096x1001) -N i: 2 -t f32,314000,0,329000,0,0,0,1,0,1,0,0,0,[1552507415123115000, 1552507415123116000, 1552507415123445000, 1552507415123448000]
tower_0/v/gradients/AddN_5@GPU-0@ 0:(9216x4096) 1:(9216x4096)->(9216x4096) -N i: 2 -t f32,tower_0/v/gradients/AddN_5,AddN,GPU-0, 0:(9216x4096) 1:(9216x4096)->(9216x4096) -N i: 2 -t f32,2882000,0,2902000,0,0,0,1,0,1,0,0,0,[1552507415135572000, 1552507415135573000, 1552507415138475000, 1552507415138479000]
v/cg/affine1/biases/read@GPU-0@ 0:(4096)->(4096) -t f32,v/cg/affine1/biases/read,Identity,GPU-0, 0:(4096)->(4096) -t f32,0,0,1000,0,0,0,0,0,1,0,0,0,[1552507415062393000, 1552507415062394000, 1552507415062395000, 1552507415062396000]
v/cg/conv2/biases/read@GPU-0@ 0:(384)->(384) -t f32,v/cg/conv2/biases/read,Identity,GPU-0, 0:(384)->(384) -t f32,0,0,500,0,0,0,0,0,1,0,0,0,[1552507415062429000, 1552507415062429200, 1552507415062429700, 1552507415062431000]
tower_0/v/cg/dropout0_1/dropout/dropout/keep_prob@GPU-0@ 0:(none)->(1) -t f32,tower_0/v/cg/dropout0_1/dropout/dropout/keep_prob,Const,GPU-0, 0:(none)->(1) -t f32,0,0,1000,0,0,0,0,0,1,0,0,0,[1552507415062146000, 1552507415062146000, 1552507415062147000, 1552507415062148000]
tower_0/v/cg/conv0/BiasAdd@GPU-0@ 0:(128x64x55x55) 1:(64)->(128x64x55x55) -t f32 -data_format NHWC,tower_0/v/cg/conv0/BiasAdd,BiasAdd,GPU-0, 0:(128x64x55x55) 1:(64)->(128x64x55x55) -t f32 -data_format NHWC,1644000,0,1663000,0,0,0,1,0,1,0,0,0,[1552507415077386000, 1552507415077386000, 1552507415079049000, 1552507415079052000]
tower_0/v/cg/affine1/xw_plus_b/MatMul@GPU-0@ 0:(128x4096) 1:(4096x4096)->(128x4096) -t f32 -tr_a 0 -tr_b 0,tower_0/v/cg/affine1/xw_plus_b/MatMul,MatMul,GPU-0, 0:(128x4096) 1:(4096x4096)->(128x4096) -t f32 -tr_a 0 -tr_b 0,1422000,0,1443000,0,0,0,1,0,1,0,0,0,[1552507415119753000, 1552507415119753000, 1552507415121196000, 1552507415121198000]
tower_0/v/mul/x@GPU-0@ 0:(none)->(1) -t f32,tower_0/v/mul/x,Const,GPU-0, 0:(none)->(1) -t f32,0,0,2000,0,0,0,0,0,1,0,0,0,[1552507415062112000, 1552507415062112000, 1552507415062114000, 1552507415062116000]
tower_0/v/l2_loss/L2Loss_13@GPU-0@ 0:(4096)->(1) -t f32,tower_0/v/l2_loss/L2Loss_13,L2Loss,GPU-0, 0:(4096)->(1) -t f32,7000,0,24000,0,0,0,1,0,1,0,0,0,[1552507415062912000, 1552507415062912000, 1552507415062936000, 1552507415062938000]
tower_0/v/gradients/tower_0/v/cg/affine2/xw_plus_b_grad/BiasAddGrad@GPU-0@ 0:(128x1001)->(1001) -t f32 -data_format NHWC,tower_0/v/gradients/tower_0/v/cg/affine2/xw_plus_b_grad/BiasAddGrad,BiasAddGrad,GPU-0, 0:(128x1001)->(1001) -t f32 -data_format NHWC,5000,0,36000,0,0,0,1,0,1,0,0,0,[1552507415122246000, 1552507415122246000, 1552507415122282000, 1552507415122285000]
v/cg/conv3/conv2d/kernel/read@GPU-0@ 0:(3x3x384x384)->(3x3x384x384) -t f32,v/cg/conv3/conv2d/kernel/read,Identity,GPU-0, 0:(3x3x384x384)->(3x3x384x384) -t f32,0,0,1000,0,0,0,0,0,1,0,0,0,[1552507415062432000, 1552507415062432000, 1552507415062433000, 1552507415062435000]
tower_0/v/gradients/tower_0/v/cg/conv4/conv2d/Conv2D_grad/Conv2DBackpropInput-0-LayoutOptimizer@GPU-0@ 0:(none)->(4),tower_0/v/gradients/tower_0/v/cg/conv4/conv2d/Conv2D_grad/Conv2DBackpropInput-0-LayoutOptimizer,Const,GPU-0, 0:(none)->(4),0,0,1000,0,0,0,0,0,1,0,0,0,[1552507415108813000, 1552507415108813000, 1552507415108814000, 1552507415108816000]
tower_0/v/l2_loss/L2Loss_2@GPU-0@ 0:(5x5x64x192)->(1) -t f32,tower_0/v/l2_loss/L2Loss_2,L2Loss,GPU-0, 0:(5x5x64x192)->(1) -t f32,20000,0,48000,0,0,0,1,0,1,0,0,0,[1552507415070007000, 1552507415070008000, 1552507415070056000, 1552507415070059000]
main_fetch_group@GPU-0@ 0:(none)->(none),main_fetch_group,NoOp,GPU-0, 0:(none)->(none),0,0,1000,0,0,0,0,0,1,0,0,0,[1552507415212630000, 1552507415212630000, 1552507415212631000, 1552507415212632000]
tower_0/v/gradients/tower_0/v/cg/dropout0_1/dropout/dropout/div_grad/RealDiv@GPU-0@ 0:(128x4096) 1:(128x4096)->(128x4096) -t f32,tower_0/v/gradients/tower_0/v/cg/dropout0_1/dropout/dropout/div_grad/RealDiv,Mul,GPU-0, 0:(128x4096) 1:(128x4096)->(128x4096) -t f32,43000,0,60000,0,0,0,1,0,1,0,0,0,[1552507415123450000, 1552507415123450000, 1552507415123510000, 1552507415123513000]
tower_0/v/cg/conv4/Relu@GPU-0@ 0:(128x256x13x13)->(128x256x13x13) -t f32,tower_0/v/cg/conv4/Relu,Relu,GPU-0, 0:(128x256x13x13)->(128x256x13x13) -t f32,291000,0,308000,0,0,0,1,0,1,0,0,0,[1552507415115583000, 1552507415115584000, 1552507415115892000, 1552507415115894000]
tower_0/v/gradients/tower_0/v/cg/conv1/conv2d/Conv2D_grad/Conv2DBackpropInput@GPU-0@ 0:(4) 1:(5x5x64x192) 2:(128x192x27x27)->(128x64x27x27) -t f32 -data_format NHWC -p s -cudnn 1,tower_0/v/gradients/tower_0/v/cg/conv1/conv2d/Conv2D_grad/Conv2DBackpropInput,Conv2DBackpropInput,GPU-0, 0:(4) 1:(5x5x64x192) 2:(128x192x27x27)->(128x64x27x27) -t f32 -data_format NHWC -p s -cudnn 1,4484000,0,4603000,0,0,0,1,0,1,0,0,0,[1552507415189934000, 1552507415189935000, 1552507415194538000, 1552507415194542000]
v/cg/conv2/conv2d/kernel@GPU-0@ 0:(none)->(3x3x192x384) -t f32,v/cg/conv2/conv2d/kernel,VariableV2,GPU-0, 0:(none)->(3x3x192x384) -t f32,0,0,2000,0,0,0,0,0,1,0,0,0,[1552507415062201000, 1552507415062201000, 1552507415062203000, 1552507415062204000]
v/cg/affine0/weights@GPU-0@ 0:(none)->(9216x4096) -t f32,v/cg/affine0/weights,VariableV2,GPU-0, 0:(none)->(9216x4096) -t f32,0,0,1000,0,0,0,0,0,1,0,0,0,[1552507415062171000, 1552507415062172000, 1552507415062173000, 1552507415062175000]
tower_0/v/gradients/tower_0/v/cg/affine2/xw_plus_b/MatMul_grad/MatMul_1@GPU-0@ 0:(128x4096) 1:(128x1001)->(4096x1001) -t f32 -tr_a 1 -tr_b 0,tower_0/v/gradients/tower_0/v/cg/affine2/xw_plus_b/MatMul_grad/MatMul_1,MatMul,GPU-0, 0:(128x4096) 1:(128x1001)->(4096x1001) -t f32 -tr_a 1 -tr_b 0,341000,0,361000,0,0,0,1,0,1,0,0,0,[1552507415122286000, 1552507415122287000, 1552507415122648000, 1552507415122652000]
tower_0/v/l2_loss/L2Loss_9@GPU-0@ 0:(256)->(1) -t f32,tower_0/v/l2_loss/L2Loss_9,L2Loss,GPU-0, 0:(256)->(1) -t f32,3000,0,18000,0,0,0,1,0,1,0,0,0,[1552507415070674000, 1552507415070675000, 1552507415070693000, 1552507415070695000]
tower_0/v/l2_loss/L2Loss_1@GPU-0@ 0:(64)->(1) -t f32,tower_0/v/l2_loss/L2Loss_1,L2Loss,GPU-0, 0:(64)->(1) -t f32,2000,0,18000,0,0,0,1,0,1,0,0,0,[1552507415069961000, 1552507415069962000, 1552507415069980000, 1552507415069982000]
tower_0/v/cg/affine0/xw_plus_b@GPU-0@ 0:(128x4096) 1:(4096)->(128x4096) -t f32 -data_format NHWC,tower_0/v/cg/affine0/xw_plus_b,BiasAdd,GPU-0, 0:(128x4096) 1:(4096)->(128x4096) -t f32 -data_format NHWC,31000,0,49000,0,0,0,1,0,1,0,0,0,[1552507415119524000, 1552507415119525000, 1552507415119574000, 1552507415119577000]
ConstantFolding/tower_0/v/gradients/tower_0/v/cg/conv2/conv2d/Conv2D_grad/ShapeN-matshapes-1@GPU-0@ 0:(3x3x192x384) 1:(128x192x13x13)->(4),ConstantFolding/tower_0/v/gradients/tower_0/v/cg/conv2/conv2d/Conv2D_grad/ShapeN-matshapes-1,ShapeN-matshapes-1,GPU-0, 0:(3x3x192x384) 1:(128x192x13x13)->(4),0,0,1000,0,0,0,0,0,1,0,0,0,[1552507415092400000, 1552507415092400000, 1552507415092401000, 1552507415092402000]
append_apply_gradient_ops/GradientDescent/update_v/cg/conv4/conv2d/kernel/ApplyGradientDescent@GPU-0@ 0:(3x3x384x256) 1:(1) 2:(3x3x384x256)->(3x3x384x256) -t f32 -use_locking 0,append_apply_gradient_ops/GradientDescent/update_v/cg/conv4/conv2d/kernel/ApplyGradientDescent,ApplyGradientDescent,GPU-0, 0:(3x3x384x256) 1:(1) 2:(3x3x384x256)->(3x3x384x256) -t f32 -use_locking 0,66000,0,82000,0,0,0,1,0,1,0,0,0,[1552507415174538000, 1552507415174538000, 1552507415174620000, 1552507415174624000]
tower_0/v/gradients/tower_0/v/cg/affine0/affine0_grad/ReluGrad@GPU-0@ 0:(128x4096) 1:(128x4096)->(128x4096) -t f32,tower_0/v/gradients/tower_0/v/cg/affine0/affine0_grad/ReluGrad,ReluGrad,GPU-0, 0:(128x4096) 1:(128x4096)->(128x4096) -t f32,43000,0,59000,0,0,0,1,0,1,0,0,0,[1552507415129571000, 1552507415129572000, 1552507415129631000, 1552507415129634000]
tower_0/v/cg/conv3/BiasAdd@GPU-0@ 0:(128x384x13x13) 1:(384)->(128x384x13x13) -t f32 -data_format NHWC,tower_0/v/cg/conv3/BiasAdd,BiasAdd,GPU-0, 0:(128x384x13x13) 1:(384)->(128x384x13x13) -t f32 -data_format NHWC,549000,0,568000,0,0,0,1,0,1,0,0,0,[1552507415107785000, 1552507415107786000, 1552507415108354000, 1552507415108357000]
append_apply_gradient_ops/GradientDescent/update_v/cg/conv2/conv2d/kernel/ApplyGradientDescent@GPU-0@ 0:(3x3x192x384) 1:(1) 2:(3x3x192x384)->(3x3x192x384) -t f32 -use_locking 0,append_apply_gradient_ops/GradientDescent/update_v/cg/conv2/conv2d/kernel/ApplyGradientDescent,ApplyGradientDescent,GPU-0, 0:(3x3x192x384) 1:(1) 2:(3x3x192x384)->(3x3x192x384) -t f32 -use_locking 0,53000,0,68000,0,0,0,1,0,1,0,0,0,[1552507415189860000, 1552507415189861000, 1552507415189929000, 1552507415189933000]
tower_0/v/gradients/tower_0/v/cg/conv1/Relu_grad/ReluGrad@GPU-0@ 0:(128x192x27x27) 1:(128x192x27x27)->(128x192x27x27) -t f32,tower_0/v/gradients/tower_0/v/cg/conv1/Relu_grad/ReluGrad,ReluGrad,GPU-0, 0:(128x192x27x27) 1:(128x192x27x27)->(128x192x27x27) -t f32,1386000,0,1403000,0,0,0,1,0,1,0,0,0,[1552507415188426000, 1552507415188426000, 1552507415189829000, 1552507415189833000]
average_loss/Mean/input@GPU-0@ 0:(1) 1:(1)->(1) -N i: 1 -t f32 -axis i: 0,average_loss/Mean/input,ExpandDims,GPU-0, 0:(1) 1:(1)->(1) -N i: 1 -t f32 -axis i: 0,0,0,2000,0,0,0,0,0,1,0,0,0,[1552507415128235000, 1552507415128236000, 1552507415128238000, 1552507415128240000]
ConstantFolding/tower_0/v/gradients/tower_0/v/cg/conv3/conv2d/Conv2D_grad/ShapeN-matshapes-1@GPU-0@ 0:(3x3x384x384) 1:(128x384x13x13)->(4),ConstantFolding/tower_0/v/gradients/tower_0/v/cg/conv3/conv2d/Conv2D_grad/ShapeN-matshapes-1,ShapeN-matshapes-1,GPU-0, 0:(3x3x384x384) 1:(128x384x13x13)->(4),0,0,1000,0,0,0,0,0,1,0,0,0,[1552507415098754000, 1552507415098755000, 1552507415098756000, 1552507415098757000]
append_apply_gradient_ops/GradientDescent/update_v/cg/conv3/biases/ApplyGradientDescent@GPU-0@ 0:(384) 1:(1) 2:(384)->(384) -t f32 -use_locking 0,append_apply_gradient_ops/GradientDescent/update_v/cg/conv3/biases/ApplyGradientDescent,ApplyGradientDescent,GPU-0, 0:(384) 1:(1) 2:(384)->(384) -t f32 -use_locking 0,2000,0,20000,0,0,0,1,0,1,0,0,0,[1552507415186831000, 1552507415186832000, 1552507415186852000, 1552507415186856000]
tower_0/v/gradients/AddN_12@GPU-0@ 0:(192) 1:(192)->(192) -N i: 2 -t f32,tower_0/v/gradients/AddN_12,AddN,GPU-0, 0:(192) 1:(192)->(192) -N i: 2 -t f32,2000,0,20000,0,0,0,1,0,1,0,0,0,[1552507415202409000, 1552507415202410000, 1552507415202430000, 1552507415202434000]
main_fetch_group/_38@GPU-0@ 0:(none)->(1),main_fetch_group/_38,Const,GPU-0, 0:(none)->(1),0,0,2000,0,0,0,0,0,1,0,0,0,[1552507415212636000, 1552507415212636000, 1552507415212638000, 1552507415212639000]
tower_0/v/gradients/tower_0/v/cg/conv1/conv2d/Conv2D_grad/Conv2DBackpropFilter@GPU-0@ 0:(128x64x27x27) 1:(4) 2:(128x192x27x27)->(5x5x64x192) -t f32 -data_format NHWC -p s -cudnn 1,tower_0/v/gradients/tower_0/v/cg/conv1/conv2d/Conv2D_grad/Conv2DBackpropFilter,Conv2DBackpropFilter,GPU-0, 0:(128x64x27x27) 1:(4) 2:(128x192x27x27)->(5x5x64x192) -t f32 -data_format NHWC -p s -cudnn 1,5064000,0,5157000,0,0,0,1,0,1,0,0,0,[1552507415195063000, 1552507415195064000, 1552507415200221000, 1552507415200225000]
append_apply_gradient_ops/GradientDescent/update_v/cg/conv1/biases/ApplyGradientDescent@GPU-0@ 0:(192) 1:(1) 2:(192)->(192) -t f32 -use_locking 0,append_apply_gradient_ops/GradientDescent/update_v/cg/conv1/biases/ApplyGradientDescent,ApplyGradientDescent,GPU-0, 0:(192) 1:(1) 2:(192)->(192) -t f32 -use_locking 0,3000,0,20000,0,0,0,1,0,1,0,0,0,[1552507415204421000, 1552507415204422000, 1552507415204442000, 1552507415204446000]
append_apply_gradient_ops/GradientDescent/update_v/cg/conv3/conv2d/kernel/ApplyGradientDescent@GPU-0@ 0:(3x3x384x384) 1:(1) 2:(3x3x384x384)->(3x3x384x384) -t f32 -use_locking 0,append_apply_gradient_ops/GradientDescent/update_v/cg/conv3/conv2d/kernel/ApplyGradientDescent,ApplyGradientDescent,GPU-0, 0:(3x3x384x384) 1:(1) 2:(3x3x384x384)->(3x3x384x384) -t f32 -use_locking 0,99000,0,116000,0,0,0,1,0,1,0,0,0,[1552507415186858000, 1552507415186859000, 1552507415186975000, 1552507415186978000]
tower_0/v/gpu_cached_inputs/read@GPU-0@ 0:(128x227x227x3)->(128x227x227x3) -t f32,tower_0/v/gpu_cached_inputs/read,Identity,GPU-0, 0:(128x227x227x3)->(128x227x227x3) -t f32,0,0,1000,0,0,0,0,0,1,0,0,0,[1552507415062409000, 1552507415062409000, 1552507415062410000, 1552507415062411000]
tower_0/v/cg/dropout0_1/dropout/dropout/mul@GPU-0@ 0:(128x4096) 1:(128x4096)->(128x4096) -t f32,tower_0/v/cg/dropout0_1/dropout/dropout/mul,Mul,GPU-0, 0:(128x4096) 1:(128x4096)->(128x4096) -t f32,41000,0,58000,0,0,0,1,0,1,0,0,0,[1552507415121354000, 1552507415121355000, 1552507415121413000, 1552507415121416000]
tower_0/v/gradients/AddN_10@GPU-0@ 0:(384) 1:(384)->(384) -N i: 2 -t f32,tower_0/v/gradients/AddN_10,AddN,GPU-0, 0:(384) 1:(384)->(384) -N i: 2 -t f32,3000,0,21000,0,0,0,1,0,1,0,0,0,[1552507415188324000, 1552507415188325000, 1552507415188346000, 1552507415188349000]
v/cg/affine2/biases/read@GPU-0@ 0:(1001)->(1001) -t f32,v/cg/affine2/biases/read,Identity,GPU-0, 0:(1001)->(1001) -t f32,0,0,1000,0,0,0,0,0,1,0,0,0,[1552507415062225000, 1552507415062225000, 1552507415062226000, 1552507415062228000]
tower_0/v/gradients/AddN_11@GPU-0@ 0:(3x3x192x384) 1:(3x3x192x384)->(3x3x192x384) -N i: 2 -t f32,tower_0/v/gradients/AddN_11,AddN,GPU-0, 0:(3x3x192x384) 1:(3x3x192x384)->(3x3x192x384) -N i: 2 -t f32,52000,0,68000,0,0,0,1,0,1,0,0,0,[1552507415188351000, 1552507415188352000, 1552507415188420000, 1552507415188424000]
v/cg/affine1/weights@GPU-0@ 0:(none)->(4096x4096) -t f32,v/cg/affine1/weights,VariableV2,GPU-0, 0:(none)->(4096x4096) -t f32,0,0,2000,0,0,0,0,0,1,0,0,0,[1552507415062157000, 1552507415062157000, 1552507415062159000, 1552507415062160000]
PermConstNCHWToNHWC-LayoutOptimizer@GPU-0@ 0:(none)->(4),PermConstNCHWToNHWC-LayoutOptimizer,Const,GPU-0, 0:(none)->(4),0,0,1000,0,0,0,0,0,1,0,0,0,[1552507415062161000, 1552507415062161000, 1552507415062162000, 1552507415062164000]
tower_0/v/gradients/tower_0/v/cg/conv1/conv2d/Conv2D_grad/Conv2DBackpropInput-0-LayoutOptimizer@GPU-0@ 0:(none)->(4),tower_0/v/gradients/tower_0/v/cg/conv1/conv2d/Conv2D_grad/Conv2DBackpropInput-0-LayoutOptimizer,Const,GPU-0, 0:(none)->(4),0,0,1000,0,0,0,0,0,1,0,0,0,[1552507415081762000, 1552507415081763000, 1552507415081764000, 1552507415081766000]
tower_0/v/gradients/tower_0/v/l2_loss/L2Loss_3_grad/mul@GPU-0@ 0:(192) 1:(1)->(192) -t f32,tower_0/v/gradients/tower_0/v/l2_loss/L2Loss_3_grad/mul,Mul,GPU-0, 0:(192) 1:(1)->(192) -t f32,1000,0,18000,0,0,0,1,0,1,0,0,0,[1552507415070117000, 1552507415070118000, 1552507415070136000, 1552507415070138000]
tower_0/v/gradients/tower_0/v/cg/mpool1/MaxPool_grad/MaxPoolGrad@GPU-0@ 0:(128x192x27x27) 1:(128x192x13x13) 2:(128x192x13x13)->(128x192x27x27) -t f32 -data_format NHWC -ksize list { i: 1 i: 3 i: 3 i: 1} -strides 1 2 2 1,tower_0/v/gradients/tower_0/v/cg/mpool1/MaxPool_grad/MaxPoolGrad,MaxPoolGrad,GPU-0, 0:(128x192x27x27) 1:(128x192x13x13) 2:(128x192x13x13)->(128x192x27x27) -t f32 -data_format NHWC -ksize list { i: 1 i: 3 i: 3 i: 1} -strides 1 2 2 1,1303000,0,1333000,0,0,0,1,0,1,0,0,0,[1552507415186980000, 1552507415186981000, 1552507415188314000, 1552507415188319000]
append_apply_gradient_ops/GradientDescent/update_v/cg/conv2/biases/ApplyGradientDescent@GPU-0@ 0:(384) 1:(1) 2:(384)->(384) -t f32 -use_locking 0,append_apply_gradient_ops/GradientDescent/update_v/cg/conv2/biases/ApplyGradientDescent,ApplyGradientDescent,GPU-0, 0:(384) 1:(1) 2:(384)->(384) -t f32 -use_locking 0,3000,0,19000,0,0,0,1,0,1,0,0,0,[1552507415189835000, 1552507415189836000, 1552507415189855000, 1552507415189858000]
tower_0/v/cg/dropout0_1/dropout/dropout/Floor@GPU-0@ 0:(128x4096)->(128x4096) -t f32,tower_0/v/cg/dropout0_1/dropout/dropout/Floor,Floor,GPU-0, 0:(128x4096)->(128x4096) -t f32,30000,0,49000,0,0,0,1,0,1,0,0,0,[1552507415077282000, 1552507415077283000, 1552507415077332000, 1552507415077335000]
tower_0/v/gradients/tower_0/v/l2_loss/L2Loss_14_grad/mul@GPU-0@ 0:(4096x1001) 1:(1)->(4096x1001) -t f32,tower_0/v/gradients/tower_0/v/l2_loss/L2Loss_14_grad/mul,Mul,GPU-0, 0:(4096x1001) 1:(1)->(4096x1001) -t f32,211000,0,229000,0,0,0,1,0,1,0,0,0,[1552507415062665000, 1552507415062666000, 1552507415062895000, 1552507415062898000]
tower_0/v/gradients/tower_0/v/l2_loss/L2Loss_2_grad/mul@GPU-0@ 0:(5x5x64x192) 1:(1)->(5x5x64x192) -t f32,tower_0/v/gradients/tower_0/v/l2_loss/L2Loss_2_grad/mul,Mul,GPU-0, 0:(5x5x64x192) 1:(1)->(5x5x64x192) -t f32,11000,0,28000,0,0,0,1,0,1,0,0,0,[1552507415070060000, 1552507415070061000, 1552507415070089000, 1552507415070092000]
v/cg/conv2/conv2d/kernel/read@GPU-0@ 0:(3x3x192x384)->(3x3x192x384) -t f32,v/cg/conv2/conv2d/kernel/read,Identity,GPU-0, 0:(3x3x192x384)->(3x3x192x384) -t f32,0,0,1000,0,0,0,0,0,1,0,0,0,[1552507415062426000, 1552507415062426000, 1552507415062427000, 1552507415062428000]
tower_0/v/gradients/tower_0/v/cg/mpool2/MaxPool_grad/MaxPoolGrad-2-TransposeNHWCToNCHW-LayoutOptimizer@GPU-0@ 0:(128x6x6x256) 1:(4)->(128x256x6x6),tower_0/v/gradients/tower_0/v/cg/mpool2/MaxPool_grad/MaxPoolGrad-2-TransposeNHWCToNCHW-LayoutOptimizer,Transpose,GPU-0, 0:(128x6x6x256) 1:(4)->(128x256x6x6),77000,0,102000,0,0,0,1,0,1,0,0,0,[1552507415141422000, 1552507415141423000, 1552507415141525000, 1552507415141528000]
tower_0/v/cg/affine1/affine1@GPU-0@ 0:(128x4096)->(128x4096) -t f32,tower_0/v/cg/affine1/affine1,Relu,GPU-0, 0:(128x4096)->(128x4096) -t f32,29000,0,44000,0,0,0,1,0,1,0,0,0,[1552507415121254000, 1552507415121254000, 1552507415121298000, 1552507415121300000]
train_ops_group@GPU-0@ 0:(none)->(none),train_ops_group,NoOp,GPU-0, 0:(none)->(none),0,0,1000,0,0,0,0,0,1,0,0,0,[1552507415212633000, 1552507415212633000, 1552507415212634000, 1552507415212635000]
tower_0/v/gradients/AddN_4@GPU-0@ 0:(4096) 1:(4096)->(4096) -N i: 2 -t f32,tower_0/v/gradients/AddN_4,AddN,GPU-0, 0:(4096) 1:(4096)->(4096) -N i: 2 -t f32,2000,0,30000,0,0,0,1,0,1,0,0,0,[1552507415135534000, 1552507415135534000, 1552507415135564000, 1552507415135569000]
tower_0/v/l2_loss/L2Loss_3@GPU-0@ 0:(192)->(1) -t f32,tower_0/v/l2_loss/L2Loss_3,L2Loss,GPU-0, 0:(192)->(1) -t f32,2000,0,18000,0,0,0,1,0,1,0,0,0,[1552507415070095000, 1552507415070096000, 1552507415070114000, 1552507415070116000]
append_apply_gradient_ops/GradientDescent/update_v/cg/conv4/biases/ApplyGradientDescent@GPU-0@ 0:(256) 1:(1) 2:(256)->(256) -t f32 -use_locking 0,append_apply_gradient_ops/GradientDescent/update_v/cg/conv4/biases/ApplyGradientDescent,ApplyGradientDescent,GPU-0, 0:(256) 1:(1) 2:(256)->(256) -t f32 -use_locking 0,3000,0,22000,0,0,0,1,0,1,0,0,0,[1552507415174510000, 1552507415174510000, 1552507415174532000, 1552507415174536000]
tower_0/v/gradients/tower_0/v/cg/conv4/BiasAdd_grad/BiasAddGrad@GPU-0@ 0:(128x256x13x13)->(256) -t f32 -data_format NHWC,tower_0/v/gradients/tower_0/v/cg/conv4/BiasAdd_grad/BiasAddGrad,BiasAddGrad,GPU-0, 0:(128x256x13x13)->(256) -t f32 -data_format NHWC,154000,0,214000,0,0,0,1,0,1,0,0,0,[1552507415149233000, 1552507415149233000, 1552507415149447000, 1552507415149450000]
tower_0/v/l2_loss/L2Loss_5@GPU-0@ 0:(384)->(1) -t f32,tower_0/v/l2_loss/L2Loss_5,L2Loss,GPU-0, 0:(384)->(1) -t f32,3000,0,18000,0,0,0,1,0,1,0,0,0,[1552507415070270000, 1552507415070271000, 1552507415070289000, 1552507415070291000]
v/cg/affine0/biases@GPU-0@ 0:(none)->(4096) -t f32,v/cg/affine0/biases,VariableV2,GPU-0, 0:(none)->(4096) -t f32,0,0,2000,0,0,0,0,0,1,0,0,0,[1552507415062167000, 1552507415062168000, 1552507415062170000, 1552507415062171000]
tower_0/v/gradients/tower_0/v/cg/conv4/conv2d/Conv2D_grad/Conv2DBackpropFilter@GPU-0@ 0:(128x384x13x13) 1:(4) 2:(128x256x13x13)->(3x3x384x256) -t f32 -data_format NHWC -p s -cudnn 1,tower_0/v/gradients/tower_0/v/cg/conv4/conv2d/Conv2D_grad/Conv2DBackpropFilter,Conv2DBackpropFilter,GPU-0, 0:(128x384x13x13) 1:(4) 2:(128x256x13x13)->(3x3x384x256) -t f32 -data_format NHWC -p s -cudnn 1,6101000,0,6198000,0,0,0,1,0,1,0,0,0,[1552507415149455000, 1552507415149455000, 1552507415155653000, 1552507415155658000]
tower_0/v/cg/affine2/xw_plus_b/MatMul@GPU-0@ 0:(128x4096) 1:(4096x1001)->(128x1001) -t f32 -tr_a 0 -tr_b 0,tower_0/v/cg/affine2/xw_plus_b/MatMul,MatMul,GPU-0, 0:(128x4096) 1:(4096x1001)->(128x1001) -t f32 -tr_a 0 -tr_b 0,366000,0,407000,0,0,0,1,0,1,0,0,0,[1552507415121418000, 1552507415121419000, 1552507415121826000, 1552507415121829000]
v/cg/conv2/biases@GPU-0@ 0:(none)->(384) -t f32,v/cg/conv2/biases,VariableV2,GPU-0, 0:(none)->(384) -t f32,0,0,2000,0,0,0,0,0,1,0,0,0,[1552507415062205000, 1552507415062205000, 1552507415062207000, 1552507415062208000]
tower_0/v/cg/dropout0_1/dropout/dropout/add@GPU-0@ 0:(1) 1:(128x4096)->(128x4096) -t f32,tower_0/v/cg/dropout0_1/dropout/dropout/add,Add,GPU-0, 0:(1) 1:(128x4096)->(128x4096) -t f32,29000,0,48000,0,0,0,1,0,1,0,0,0,[1552507415070719000, 1552507415070719000, 1552507415070767000, 1552507415070770000]
tower_0/v/gradients/tower_0/v/xentropy/sparse_softmax_cross_entropy_loss/xentropy/xentropy_grad/mul@GPU-0@ 0:(128) 1:(128x1001)->(128x1001) -t f32,tower_0/v/gradients/tower_0/v/xentropy/sparse_softmax_cross_entropy_loss/xentropy/xentropy_grad/mul,Mul,GPU-0, 0:(128) 1:(128x1001)->(128x1001) -t f32,5000,0,25000,0,0,0,1,0,1,0,0,0,[1552507415122183000, 1552507415122184000, 1552507415122209000, 1552507415122211000]
average_loss/Mean@GPU-0@ 0:(1) 1:(1)->(1) -t f32 -Tidx i32 -keep_dims b: 0,average_loss/Mean,Mean,GPU-0, 0:(1) 1:(1)->(1) -t f32 -Tidx i32 -keep_dims b: 0,0,0,2000,0,0,0,0,0,1,0,0,0,[1552507415129636000, 1552507415129636000, 1552507415129638000, 1552507415129640000]
ConstantFolding/average_loss/Mean/input_const_axis@GPU-0@ 0:(none)->(1),ConstantFolding/average_loss/Mean/input_const_axis,Const,GPU-0, 0:(none)->(1),0,0,1000,0,0,0,0,0,1,0,0,0,[1552507415126841000, 1552507415126842000, 1552507415126843000, 1552507415126844000]
tower_0/v/gradients/AddN_2@GPU-0@ 0:(4096) 1:(4096)->(4096) -N i: 2 -t f32,tower_0/v/gradients/AddN_2,AddN,GPU-0, 0:(4096) 1:(4096)->(4096) -N i: 2 -t f32,2000,0,20000,0,0,0,1,0,1,0,0,0,[1552507415126845000, 1552507415126845000, 1552507415126865000, 1552507415126867000]
append_apply_gradient_ops/GradientDescent/update_v/cg/conv1/conv2d/kernel/ApplyGradientDescent@GPU-0@ 0:(5x5x64x192) 1:(1) 2:(5x5x64x192)->(5x5x64x192) -t f32 -use_locking 0,append_apply_gradient_ops/GradientDescent/update_v/cg/conv1/conv2d/kernel/ApplyGradientDescent,ApplyGradientDescent,GPU-0, 0:(5x5x64x192) 1:(1) 2:(5x5x64x192)->(5x5x64x192) -t f32 -use_locking 0,25000,0,41000,0,0,0,1,0,1,0,0,0,[1552507415204448000, 1552507415204449000, 1552507415204490000, 1552507415204493000]
tower_0/v/gradients/tower_0/v/cg/affine1/xw_plus_b_grad/BiasAddGrad@GPU-0@ 0:(128x4096)->(4096) -t f32 -data_format NHWC,tower_0/v/gradients/tower_0/v/cg/affine1/xw_plus_b_grad/BiasAddGrad,BiasAddGrad,GPU-0, 0:(128x4096)->(4096) -t f32 -data_format NHWC,24000,0,48000,0,0,0,1,0,1,0,0,0,[1552507415124002000, 1552507415124003000, 1552507415124051000, 1552507415124054000]
tower_0/v/gradients/tower_0/v/cg/conv4/Relu_grad/ReluGrad@GPU-0@ 0:(128x256x13x13) 1:(128x256x13x13)->(128x256x13x13) -t f32,tower_0/v/gradients/tower_0/v/cg/conv4/Relu_grad/ReluGrad,ReluGrad,GPU-0, 0:(128x256x13x13) 1:(128x256x13x13)->(128x256x13x13) -t f32,429000,0,447000,0,0,0,1,0,1,0,0,0,[1552507415142396000, 1552507415142397000, 1552507415142844000, 1552507415142847000]
v/cg/conv1/conv2d/kernel@GPU-0@ 0:(none)->(5x5x64x192) -t f32,v/cg/conv1/conv2d/kernel,VariableV2,GPU-0, 0:(none)->(5x5x64x192) -t f32,0,0,1000,0,0,0,0,0,1,0,0,0,[1552507415062193000, 1552507415062194000, 1552507415062195000, 1552507415062197000]
tower_0/v/gradients/tower_0/v/l2_loss/L2Loss_8_grad/mul@GPU-0@ 0:(3x3x384x256) 1:(1)->(3x3x384x256) -t f32,tower_0/v/gradients/tower_0/v/l2_loss/L2Loss_8_grad/mul,Mul,GPU-0, 0:(3x3x384x256) 1:(1)->(3x3x384x256) -t f32,41000,0,60000,0,0,0,1,0,1,0,0,0,[1552507415070607000, 1552507415070608000, 1552507415070668000, 1552507415070671000]
tower_0/v/gradients/tower_0/v/cg/affine1/xw_plus_b/MatMul_grad/MatMul@GPU-0@ 0:(128x4096) 1:(4096x4096)->(128x4096) -t f32 -tr_a 0 -tr_b 1,tower_0/v/gradients/tower_0/v/cg/affine1/xw_plus_b/MatMul_grad/MatMul,MatMul,GPU-0, 0:(128x4096) 1:(4096x4096)->(128x4096) -t f32 -tr_a 0 -tr_b 1,1437000,0,1458000,0,0,0,1,0,1,0,0,0,[1552507415125377000, 1552507415125377000, 1552507415126835000, 1552507415126838000]
append_apply_gradient_ops/GradientDescent/update_v/cg/affine1/biases/ApplyGradientDescent@GPU-0@ 0:(4096) 1:(1) 2:(4096)->(4096) -t f32 -use_locking 0,append_apply_gradient_ops/GradientDescent/update_v/cg/affine1/biases/ApplyGradientDescent,ApplyGradientDescent,GPU-0, 0:(4096) 1:(1) 2:(4096)->(4096) -t f32 -use_locking 0,3000,0,20000,0,0,0,1,0,1,0,0,0,[1552507415128241000, 1552507415128242000, 1552507415128262000, 1552507415128266000]
tower_0/v/gradients/tower_0/v/cg/conv3/conv2d/Conv2D_grad/Conv2DBackpropFilter@GPU-0@ 0:(128x384x13x13) 1:(4) 2:(128x384x13x13)->(3x3x384x384) -t f32 -data_format NHWC -p s -cudnn 1,tower_0/v/gradients/tower_0/v/cg/conv3/conv2d/Conv2D_grad/Conv2DBackpropFilter,Conv2DBackpropFilter,GPU-0, 0:(128x384x13x13) 1:(4) 2:(128x384x13x13)->(3x3x384x384) -t f32 -data_format NHWC -p s -cudnn 1,8833000,0,8919000,0,0,0,1,0,1,0,0,0,[1552507415165580000, 1552507415165581000, 1552507415174500000, 1552507415174504000]
v/cg/conv1/conv2d/kernel/read@GPU-0@ 0:(5x5x64x192)->(5x5x64x192) -t f32,v/cg/conv1/conv2d/kernel/read,Identity,GPU-0, 0:(5x5x64x192)->(5x5x64x192) -t f32,0,0,1000,0,0,0,0,0,1,0,0,0,[1552507415062419000, 1552507415062419000, 1552507415062420000, 1552507415062421000]
tower_0/v/gradients/AddN_9@GPU-0@ 0:(3x3x384x384) 1:(3x3x384x384)->(3x3x384x384) -N i: 2 -t f32,tower_0/v/gradients/AddN_9,AddN,GPU-0, 0:(3x3x384x384) 1:(3x3x384x384)->(3x3x384x384) -N i: 2 -t f32,103000,0,119000,0,0,0,1,0,1,0,0,0,[1552507415175315000, 1552507415175316000, 1552507415175435000, 1552507415175438000]
tower_0/v/gradients/AddN_7@GPU-0@ 0:(3x3x384x256) 1:(3x3x384x256)->(3x3x384x256) -N i: 2 -t f32,tower_0/v/gradients/AddN_7,AddN,GPU-0, 0:(3x3x384x256) 1:(3x3x384x256)->(3x3x384x256) -N i: 2 -t f32,69000,0,85000,0,0,0,1,0,1,0,0,0,[1552507415156355000, 1552507415156356000, 1552507415156441000, 1552507415156444000]
tower_0/v/gradients/tower_0/v/l2_loss/L2Loss_grad/mul@GPU-0@ 0:(11x11x3x64) 1:(1)->(11x11x3x64) -t f32,tower_0/v/gradients/tower_0/v/l2_loss/L2Loss_grad/mul,Mul,GPU-0, 0:(11x11x3x64) 1:(1)->(11x11x3x64) -t f32,2000,0,24000,0,0,0,1,0,1,0,0,0,[1552507415069926000, 1552507415069927000, 1552507415069951000, 1552507415069954000]
append_apply_gradient_ops/GradientDescent/update_v/cg/conv0/biases/ApplyGradientDescent@GPU-0@ 0:(64) 1:(1) 2:(64)->(64) -t f32 -use_locking 0,append_apply_gradient_ops/GradientDescent/update_v/cg/conv0/biases/ApplyGradientDescent,ApplyGradientDescent,GPU-0, 0:(64) 1:(1) 2:(64)->(64) -t f32 -use_locking 0,3000,0,19000,0,0,0,1,0,1,0,0,0,[1552507415212574000, 1552507415212574000, 1552507415212593000, 1552507415212597000]
append_apply_gradient_ops/GradientDescent/update_v/cg/affine0/weights/ApplyGradientDescent@GPU-0@ 0:(9216x4096) 1:(1) 2:(9216x4096)->(9216x4096) -t f32 -use_locking 0,append_apply_gradient_ops/GradientDescent/update_v/cg/affine0/weights/ApplyGradientDescent,ApplyGradientDescent,GPU-0, 0:(9216x4096) 1:(1) 2:(9216x4096)->(9216x4096) -t f32 -use_locking 0,2880000,0,2899000,0,0,0,1,0,1,0,0,0,[1552507415138514000, 1552507415138515000, 1552507415141414000, 1552507415141419000]
tower_0/v/xentropy/sparse_softmax_cross_entropy_loss/Mul@GPU-0@ 0:(128)->(128) -t f32,tower_0/v/xentropy/sparse_softmax_cross_entropy_loss/Mul,Snapshot,GPU-0, 0:(128)->(128) -t f32,0,0,2000,0,0,0,0,0,1,0,0,0,[1552507415122178000, 1552507415122179000, 1552507415122181000, 1552507415122182000]
tower_0/v/gradients/tower_0/v/cg/conv3/BiasAdd_grad/BiasAddGrad@GPU-0@ 0:(128x384x13x13)->(384) -t f32 -data_format NHWC,tower_0/v/gradients/tower_0/v/cg/conv3/BiasAdd_grad/BiasAddGrad,BiasAddGrad,GPU-0, 0:(128x384x13x13)->(384) -t f32 -data_format NHWC,226000,0,280000,0,0,0,1,0,1,0,0,0,[1552507415165292000, 1552507415165293000, 1552507415165573000, 1552507415165576000]
tower_0/v/cg/affine2/xw_plus_b@GPU-0@ 0:(128x1001) 1:(1001)->(128x1001) -t f32 -data_format NHWC,tower_0/v/cg/affine2/xw_plus_b,BiasAdd,GPU-0, 0:(128x1001) 1:(1001)->(128x1001) -t f32 -data_format NHWC,7000,0,23000,0,0,0,1,0,1,0,0,0,[1552507415121833000, 1552507415121834000, 1552507415121857000, 1552507415121859000]
tower_0/v/cg/conv2/conv2d/Conv2D@GPU-0@ 0:(128x192x13x13) 1:(3x3x192x384)->(128x384x13x13) -t f32 -data_format NHWC -p s -cudnn 1,tower_0/v/cg/conv2/conv2d/Conv2D,Conv2D,GPU-0, 0:(128x192x13x13) 1:(3x3x192x384)->(128x384x13x13) -t f32 -data_format NHWC -p s -cudnn 1,5176000,0,5299000,0,0,0,1,0,1,0,0,0,[1552507415092403000, 1552507415092404000, 1552507415097703000, 1552507415097707000]
tower_0/v/gradients/tower_0/v/l2_loss/L2Loss_13_grad/mul@GPU-0@ 0:(4096) 1:(1)->(4096) -t f32,tower_0/v/gradients/tower_0/v/l2_loss/L2Loss_13_grad/mul,Mul,GPU-0, 0:(4096) 1:(1)->(4096) -t f32,2000,0,18000,0,0,0,1,0,1,0,0,0,[1552507415062939000, 1552507415062940000, 1552507415062958000, 1552507415062960000]
tower_0/v/gradients/tower_0/v/cg/conv3/conv2d/Conv2D_grad/Conv2DBackpropInput-0-LayoutOptimizer@GPU-0@ 0:(none)->(4),tower_0/v/gradients/tower_0/v/cg/conv3/conv2d/Conv2D_grad/Conv2DBackpropInput-0-LayoutOptimizer,Const,GPU-0, 0:(none)->(4),0,0,2000,0,0,0,0,0,1,0,0,0,[1552507415098750000, 1552507415098750000, 1552507415098752000, 1552507415098753000]
tower_0/v/alexnet_synthetic_labels/min@GPU-0@ 0:(none)->(1) -t i32,tower_0/v/alexnet_synthetic_labels/min,Const,GPU-0, 0:(none)->(1) -t i32,0,0,1000,0,0,0,0,0,1,0,0,0,[1552507415062131000, 1552507415062131000, 1552507415062132000, 1552507415062133000]
tower_0/v/alexnet_synthetic_labels/shape@GPU-0@ 0:(none)->(1) -t i32,tower_0/v/alexnet_synthetic_labels/shape,Const,GPU-0, 0:(none)->(1) -t i32,0,0,1000,0,0,0,0,0,1,0,0,0,[1552507415062128000, 1552507415062128000, 1552507415062129000, 1552507415062130000]
append_apply_gradient_ops/GradientDescent/update_v/cg/affine1/weights/ApplyGradientDescent@GPU-0@ 0:(4096x4096) 1:(1) 2:(4096x4096)->(4096x4096) -t f32 -use_locking 0,append_apply_gradient_ops/GradientDescent/update_v/cg/affine1/weights/ApplyGradientDescent,ApplyGradientDescent,GPU-0, 0:(4096x4096) 1:(1) 2:(4096x4096)->(4096x4096) -t f32 -use_locking 0,1282000,0,1298000,0,0,0,1,0,1,0,0,0,[1552507415128268000, 1552507415128268000, 1552507415129566000, 1552507415129570000]
inc_global_step/AssignAdd/value@CPU-0@ 0:(none)->(1) -t i64,inc_global_step/AssignAdd/value,Const,CPU-0, 0:(none)->(1) -t i64,0,0,0,3000,0,0,0,0,0,1,0,0,[1552507415212734000, 1552507415212734000, 1552507415212737000, 1552507415212738000]
v/cg/conv3/conv2d/kernel@GPU-0@ 0:(none)->(3x3x384x384) -t f32,v/cg/conv3/conv2d/kernel,VariableV2,GPU-0, 0:(none)->(3x3x384x384) -t f32,0,0,2000,0,0,0,0,0,1,0,0,0,[1552507415062209000, 1552507415062209000, 1552507415062211000, 1552507415062212000]
tower_0/v/gradients/tower_0/v/cg/affine1/xw_plus_b/MatMul_grad/MatMul_1@GPU-0@ 0:(128x4096) 1:(128x4096)->(4096x4096) -t f32 -tr_a 1 -tr_b 0,tower_0/v/gradients/tower_0/v/cg/affine1/xw_plus_b/MatMul_grad/MatMul_1,MatMul,GPU-0, 0:(128x4096) 1:(128x4096)->(4096x4096) -t f32 -tr_a 1 -tr_b 0,1291000,0,1312000,0,0,0,1,0,1,0,0,0,[1552507415124055000, 1552507415124056000, 1552507415125368000, 1552507415125372000]
