tower_0/v/gradients/tower_0/v/cg/conv2/conv2d/Conv2D_grad/Conv2DBackpropInput-0-LayoutOptimizer	Const	{'/job:localhost/replica:0/task:0/device:GPU:0': [[' 0:(none)'], ['(4)'], 1000, 2000, 4000, [1552507415092394000, 1552507415092395000, 1552507415092396000, 1552507415092398000], 1]}
append_apply_gradient_ops/GradientDescent/update_v/cg/affine0/weights/ApplyGradientDescent	ApplyGradientDescent	{'/device:GPU:0/stream:all': [['no inputs saved in stream'], ['no outputs saved in stream'], 0, 2880000, 2880000, [1552507415138526000, 1552507415138526000, 1552507415141406000, 1552507415141406000], 1], '/job:localhost/replica:0/task:0/device:GPU:0': [[' 0:', '(9216x4096)', ' 1:', '(1)', ' 2:', '(9216x4096)'], ['(9216x4096)', ' -t f32 -use_locking 0'], 1000, 2900000, 2905000, [1552507415138514000, 1552507415138515000, 1552507415141414000, 1552507415141419000], 1]}
v/cg/affine1/weights/read	Identity	{'/job:localhost/replica:0/task:0/device:GPU:0': [[' 0:', '(4096x4096)'], ['(4096x4096)', ' -t f32'], 1000, 2000, 3000, [1552507415062397000, 1552507415062398000, 1552507415062399000, 1552507415062400000], 1]}
tower_0/v/gradients/AddN_3	AddN	{'/device:GPU:0/stream:all': [['no inputs saved in stream'], ['no outputs saved in stream'], 0, 1279000, 1279000, [1552507415126881000, 1552507415126881000, 1552507415128160000, 1552507415128160000], 1], '/job:localhost/replica:0/task:0/device:GPU:0': [[' 0:', '(4096x4096)', ' 1:', '(4096x4096)'], ['(4096x4096)', ' -N i: 2 -t f32'], 1000, 1295000, 1299000, [1552507415126869000, 1552507415126870000, 1552507415128164000, 1552507415128168000], 1]}
tower_0/v/alexnet_synthetic_labels	RandomUniformInt	{'/device:GPU:0/stream:all': [['no inputs saved in stream'], ['no outputs saved in stream'], 0, 8000, 8000, [1552507415062272000, 1552507415062272000, 1552507415062280000, 1552507415062280000], 1], '/job:localhost/replica:0/task:0/device:GPU:0': [[' 0:', '(1)', ' 1:', '(1)', ' 2:', '(1)'], ['(128)', ' -t i32 -Tout i32 -seed i: 123 -seed2 i: 16'], 0, 63000, 66000, [1552507415062229000, 1552507415062229000, 1552507415062292000, 1552507415062295000], 1]}
average_loss/Mean	Mean	{'/job:localhost/replica:0/task:0/device:GPU:0': [[' 0:', '(1)', ' 1:', '(1)'], ['(1)', ' -t f32 -Tidx i32 -keep_dims b: 0'], 0, 2000, 4000, [1552507415129636000, 1552507415129636000, 1552507415129638000, 1552507415129640000], 1]}
tower_0/v/cg/affine0/affine0	Relu	{'/device:GPU:0/stream:all': [['no inputs saved in stream'], ['no outputs saved in stream'], 0, 29000, 29000, [1552507415119591000, 1552507415119591000, 1552507415119620000, 1552507415119620000], 1], '/job:localhost/replica:0/task:0/device:GPU:0': [[' 0:', '(128x4096)'], ['(128x4096)', ' -t f32'], 1000, 46000, 48000, [1552507415119579000, 1552507415119580000, 1552507415119625000, 1552507415119627000], 1]}
v/cg/affine2/biases/read	Identity	{'/job:localhost/replica:0/task:0/device:GPU:0': [[' 0:', '(1001)'], ['(1001)', ' -t f32'], 0, 1000, 3000, [1552507415062225000, 1552507415062225000, 1552507415062226000, 1552507415062228000], 1]}
v/cg/conv2/conv2d/kernel/read	Identity	{'/job:localhost/replica:0/task:0/device:GPU:0': [[' 0:', '(3x3x192x384)'], ['(3x3x192x384)', ' -t f32'], 0, 1000, 2000, [1552507415062426000, 1552507415062426000, 1552507415062427000, 1552507415062428000], 1]}
tower_0/v/cg/conv0/BiasAdd	BiasAdd	{'/device:GPU:0/stream:all': [['no inputs saved in stream'], ['no outputs saved in stream'], 0, 1644000, 1644000, [1552507415077400000, 1552507415077400000, 1552507415079044000, 1552507415079044000], 1], '/job:localhost/replica:0/task:0/device:GPU:0': [[' 0:', '(128x64x55x55)', ' 1:', '(64)'], ['(128x64x55x55)', ' -t f32 -data_format NHWC'], 0, 1663000, 1666000, [1552507415077386000, 1552507415077386000, 1552507415079049000, 1552507415079052000], 1]}
tower_0/v/alexnet_synthetic_labels/min	Const	{'/job:localhost/replica:0/task:0/device:GPU:0': [[' 0:(none)'], ['(1)', ' -t i32'], 0, 1000, 2000, [1552507415062131000, 1552507415062131000, 1552507415062132000, 1552507415062133000], 1]}
append_apply_gradient_ops/GradientDescent/update_v/cg/conv3/biases/ApplyGradientDescent	ApplyGradientDescent	{'/device:GPU:0/stream:all': [['no inputs saved in stream'], ['no outputs saved in stream'], 0, 2000, 2000, [1552507415186845000, 1552507415186845000, 1552507415186847000, 1552507415186847000], 1], '/job:localhost/replica:0/task:0/device:GPU:0': [[' 0:', '(384)', ' 1:', '(1)', ' 2:', '(384)'], ['(384)', ' -t f32 -use_locking 0'], 1000, 21000, 25000, [1552507415186831000, 1552507415186832000, 1552507415186852000, 1552507415186856000], 1]}
train_ops_group	NoOp	{'/job:localhost/replica:0/task:0/device:GPU:0': [[' 0:(none)'], ['(none)'], 0, 1000, 2000, [1552507415212633000, 1552507415212633000, 1552507415212634000, 1552507415212635000], 1]}
tower_0/v/cg/dropout0/dropout/dropout/mul	Mul	{'/device:GPU:0/stream:all': [['no inputs saved in stream'], ['no outputs saved in stream'], 0, 42000, 42000, [1552507415119698000, 1552507415119698000, 1552507415119740000, 1552507415119740000], 1], '/job:localhost/replica:0/task:0/device:GPU:0': [[' 0:', '(128x4096)', ' 1:', '(128x4096)'], ['(128x4096)', ' -t f32'], 0, 61000, 65000, [1552507415119686000, 1552507415119686000, 1552507415119747000, 1552507415119751000], 1]}
tower_0/v/gradients/tower_0/v/l2_loss/L2Loss_2_grad/mul	Mul	{'/device:GPU:0/stream:all': [['no inputs saved in stream'], ['no outputs saved in stream'], 0, 11000, 11000, [1552507415070074000, 1552507415070074000, 1552507415070085000, 1552507415070085000], 1], '/job:localhost/replica:0/task:0/device:GPU:0': [[' 0:', '(5x5x64x192)', ' 1:', '(1)'], ['(5x5x64x192)', ' -t f32'], 1000, 29000, 32000, [1552507415070060000, 1552507415070061000, 1552507415070089000, 1552507415070092000], 1]}
tower_0/v/gradients/tower_0/v/cg/mpool0/MaxPool_grad/MaxPoolGrad	MaxPoolGrad	{'/device:GPU:0/stream:all': [['no inputs saved in stream'], ['no outputs saved in stream'], 0, 2141000, 2141000, [1552507415200253000, 1552507415200253000, 1552507415202394000, 1552507415202394000], 1], '/job:localhost/replica:0/task:0/device:GPU:0': [[' 0:', '(128x64x55x55)', ' 1:', '(128x64x27x27)', ' 2:', '(128x64x27x27)'], ['(128x64x55x55)', ' -t f32 -data_format NHWC -ksize list { i: 1 i: 3 i: 3 i: 1} -strides 1 2 2 1'], 1000, 2170000, 2174000, [1552507415200231000, 1552507415200232000, 1552507415202401000, 1552507415202405000], 1]}
tower_0/v/gradients/tower_0/v/cg/conv1/conv2d/Conv2D_grad/Conv2DBackpropInput-0-LayoutOptimizer	Const	{'/job:localhost/replica:0/task:0/device:GPU:0': [[' 0:(none)'], ['(4)'], 1000, 2000, 4000, [1552507415081762000, 1552507415081763000, 1552507415081764000, 1552507415081766000], 1]}
tower_0/v/cg/dropout0/dropout/dropout/random_uniform/RandomUniform	RandomUniform	{'/device:GPU:0/stream:all': [['no inputs saved in stream'], ['no outputs saved in stream'], 0, 19000, 19000, [1552507415062364000, 1552507415062364000, 1552507415062383000, 1552507415062383000], 1], '/job:localhost/replica:0/task:0/device:GPU:0': [[' 0:', '(2)'], ['(128x4096)', ' -t i32 -t f32 -seed i: 123 -seed2 i: 144'], 0, 37000, 39000, [1552507415062351000, 1552507415062351000, 1552507415062388000, 1552507415062390000], 1]}
append_apply_gradient_ops/GradientDescent/update_v/cg/conv1/biases/ApplyGradientDescent	ApplyGradientDescent	{'/device:GPU:0/stream:all': [['no inputs saved in stream'], ['no outputs saved in stream'], 0, 3000, 3000, [1552507415204434000, 1552507415204434000, 1552507415204437000, 1552507415204437000], 1], '/job:localhost/replica:0/task:0/device:GPU:0': [[' 0:', '(192)', ' 1:', '(1)', ' 2:', '(192)'], ['(192)', ' -t f32 -use_locking 0'], 1000, 21000, 25000, [1552507415204421000, 1552507415204422000, 1552507415204442000, 1552507415204446000], 1]}
v/cg/conv3/biases/read	Identity	{'/job:localhost/replica:0/task:0/device:GPU:0': [[' 0:', '(384)'], ['(384)', ' -t f32'], 200, 700, 3000, [1552507415062435000, 1552507415062435200, 1552507415062435700, 1552507415062438000], 1]}
v/cg/affine2/weights/read	Identity	{'/job:localhost/replica:0/task:0/device:GPU:0': [[' 0:', '(4096x1001)'], ['(4096x1001)', ' -t f32'], 1000, 2000, 4000, [1552507415062298000, 1552507415062299000, 1552507415062300000, 1552507415062302000], 1]}
tower_0/v/mul/x	Const	{'/job:localhost/replica:0/task:0/device:GPU:0': [[' 0:(none)'], ['(1)', ' -t f32'], 0, 2000, 4000, [1552507415062112000, 1552507415062112000, 1552507415062114000, 1552507415062116000], 1]}
tower_0/v/cg/conv1/Relu	Relu	{'/device:GPU:0/stream:all': [['no inputs saved in stream'], ['no outputs saved in stream'], 0, 936000, 936000, [1552507415090199000, 1552507415090199000, 1552507415091135000, 1552507415091135000], 1], '/job:localhost/replica:0/task:0/device:GPU:0': [[' 0:', '(128x192x27x27)'], ['(128x192x27x27)', ' -t f32'], 1000, 956000, 959000, [1552507415090185000, 1552507415090186000, 1552507415091141000, 1552507415091144000], 1]}
tower_0/v/cg/conv3/conv2d/Conv2D	Conv2D	{'/device:GPU:0/stream:all': [['no inputs saved in stream'], ['no outputs saved in stream'], 0, 8923000, 6452000, [1552507415098774000, 1552507415098774000, 1552507415107768000, 1552507415107768000], 1], '/job:localhost/replica:0/task:0/device:GPU:0': [[' 0:', '(128x384x13x13)', ' 1:', '(3x3x384x384)'], ['(128x384x13x13)', ' -t f32 -data_format NHWC -p s -cudnn 1'], 0, 9019000, 9022000, [1552507415098758000, 1552507415098758000, 1552507415107777000, 1552507415107780000], 1]}
tower_0/v/gradients/tower_0/v/cg/dropout0_1/dropout/dropout/div_grad/RealDiv	Mul	{'/device:GPU:0/stream:all': [['no inputs saved in stream'], ['no outputs saved in stream'], 0, 43000, 43000, [1552507415123463000, 1552507415123463000, 1552507415123506000, 1552507415123506000], 1], '/job:localhost/replica:0/task:0/device:GPU:0': [[' 0:', '(128x4096)', ' 1:', '(128x4096)'], ['(128x4096)', ' -t f32'], 0, 60000, 63000, [1552507415123450000, 1552507415123450000, 1552507415123510000, 1552507415123513000], 1]}
tower_0/v/gradients/tower_0/v/cg/conv2/BiasAdd_grad/BiasAddGrad	BiasAddGrad	{'/device:GPU:0/stream:all': [['no inputs saved in stream'], ['no outputs saved in stream'], 0, 228000, 217000, [1552507415180593000, 1552507415180593000, 1552507415180846000, 1552507415180846000], 1], '/job:localhost/replica:0/task:0/device:GPU:0': [[' 0:', '(128x384x13x13)'], ['(384)', ' -t f32 -data_format NHWC'], 1000, 283000, 285000, [1552507415180569000, 1552507415180570000, 1552507415180852000, 1552507415180854000], 1]}
tower_0/v/gradients/AddN_12	AddN	{'/device:GPU:0/stream:all': [['no inputs saved in stream'], ['no outputs saved in stream'], 0, 2000, 2000, [1552507415202423000, 1552507415202423000, 1552507415202425000, 1552507415202425000], 1], '/job:localhost/replica:0/task:0/device:GPU:0': [[' 0:', '(192)', ' 1:', '(192)'], ['(192)', ' -N i: 2 -t f32'], 1000, 21000, 25000, [1552507415202409000, 1552507415202410000, 1552507415202430000, 1552507415202434000], 1]}
tower_0/v/cg/affine0/xw_plus_b	BiasAdd	{'/device:GPU:0/stream:all': [['no inputs saved in stream'], ['no outputs saved in stream'], 0, 31000, 31000, [1552507415119538000, 1552507415119538000, 1552507415119569000, 1552507415119569000], 1], '/job:localhost/replica:0/task:0/device:GPU:0': [[' 0:', '(128x4096)', ' 1:', '(4096)'], ['(128x4096)', ' -t f32 -data_format NHWC'], 1000, 50000, 53000, [1552507415119524000, 1552507415119525000, 1552507415119574000, 1552507415119577000], 1]}
tower_0/v/xentropy/sparse_softmax_cross_entropy_loss/Mul	Snapshot	{'/job:localhost/replica:0/task:0/device:GPU:0': [[' 0:', '(128)'], ['(128)', ' -t f32'], 1000, 3000, 4000, [1552507415122178000, 1552507415122179000, 1552507415122181000, 1552507415122182000], 1]}
v/cg/conv1/conv2d/kernel	VariableV2	{'/job:localhost/replica:0/task:0/device:GPU:0': [[' 0:(none)'], ['(5x5x64x192)', ' -t f32'], 1000, 2000, 4000, [1552507415062193000, 1552507415062194000, 1552507415062195000, 1552507415062197000], 1]}
tower_0/v/gradients/tower_0/v/l2_loss/L2Loss_9_grad/mul	Mul	{'/device:GPU:0/stream:all': [['no inputs saved in stream'], ['no outputs saved in stream'], 0, 2000, 2000, [1552507415070709000, 1552507415070709000, 1552507415070711000, 1552507415070711000], 1], '/job:localhost/replica:0/task:0/device:GPU:0': [[' 0:', '(256)', ' 1:', '(1)'], ['(256)', ' -t f32'], 0, 18000, 20000, [1552507415070697000, 1552507415070697000, 1552507415070715000, 1552507415070717000], 1]}
tower_0/v/gradients/AddN_2	AddN	{'/device:GPU:0/stream:all': [['no inputs saved in stream'], ['no outputs saved in stream'], 0, 2000, 2000, [1552507415126858000, 1552507415126858000, 1552507415126860000, 1552507415126860000], 1], '/job:localhost/replica:0/task:0/device:GPU:0': [[' 0:', '(4096)', ' 1:', '(4096)'], ['(4096)', ' -N i: 2 -t f32'], 0, 20000, 22000, [1552507415126845000, 1552507415126845000, 1552507415126865000, 1552507415126867000], 1]}
v/cg/affine0/weights/read	Identity	{'/job:localhost/replica:0/task:0/device:GPU:0': [[' 0:', '(9216x4096)'], ['(9216x4096)', ' -t f32'], 1000, 2000, 3000, [1552507415062405000, 1552507415062406000, 1552507415062407000, 1552507415062408000], 1]}
append_apply_gradient_ops/GradientDescent/update_v/cg/affine2/biases/ApplyGradientDescent	ApplyGradientDescent	{'/device:GPU:0/stream:all': [['no inputs saved in stream'], ['no outputs saved in stream'], 0, 3000, 3000, [1552507415123558000, 1552507415123558000, 1552507415123561000, 1552507415123561000], 1], '/job:localhost/replica:0/task:0/device:GPU:0': [[' 0:', '(1001)', ' 1:', '(1)', ' 2:', '(1001)'], ['(1001)', ' -t f32 -use_locking 0'], 0, 23000, 27000, [1552507415123543000, 1552507415123543000, 1552507415123566000, 1552507415123570000], 1]}
edge_414_average_loss/Mean/MEMCPYDtoH	MEMCPYDtoH	{'/device:GPU:0/memcpy': [['(Transfer)'], ['(4 bytes)'], 0, 1000, 1000, [1552507415135504000, 1552507415135504000, 1552507415135505000, 1552507415135505000], 1]}
tower_0/v/cg/dropout0_1/dropout/dropout/Floor	Floor	{'/device:GPU:0/stream:all': [['no inputs saved in stream'], ['no outputs saved in stream'], 0, 30000, 30000, [1552507415077297000, 1552507415077297000, 1552507415077327000, 1552507415077327000], 1], '/job:localhost/replica:0/task:0/device:GPU:0': [[' 0:', '(128x4096)'], ['(128x4096)', ' -t f32'], 1000, 50000, 53000, [1552507415077282000, 1552507415077283000, 1552507415077332000, 1552507415077335000], 1]}
main_fetch_group/_38	Const	{'/job:localhost/replica:0/task:0/device:GPU:0': [[' 0:(none)'], ['(1)'], 0, 2000, 3000, [1552507415212636000, 1552507415212636000, 1552507415212638000, 1552507415212639000], 1]}
v/cg/affine0/biases/read	Identity	{'/job:localhost/replica:0/task:0/device:GPU:0': [[' 0:', '(4096)'], ['(4096)', ' -t f32'], 200, 700, 3000, [1552507415062402000, 1552507415062402200, 1552507415062402700, 1552507415062405000], 1]}
append_apply_gradient_ops/GradientDescent/update_v/cg/conv4/conv2d/kernel/ApplyGradientDescent	ApplyGradientDescent	{'/device:GPU:0/stream:all': [['no inputs saved in stream'], ['no outputs saved in stream'], 0, 66000, 66000, [1552507415174549000, 1552507415174549000, 1552507415174615000, 1552507415174615000], 1], '/job:localhost/replica:0/task:0/device:GPU:0': [[' 0:', '(3x3x384x256)', ' 1:', '(1)', ' 2:', '(3x3x384x256)'], ['(3x3x384x256)', ' -t f32 -use_locking 0'], 0, 82000, 86000, [1552507415174538000, 1552507415174538000, 1552507415174620000, 1552507415174624000], 1]}
tower_0/v/gradients/tower_0/v/l2_loss/L2Loss_5_grad/mul	Mul	{'/device:GPU:0/stream:all': [['no inputs saved in stream'], ['no outputs saved in stream'], 0, 1000, 1000, [1552507415070305000, 1552507415070305000, 1552507415070306000, 1552507415070306000], 1], '/job:localhost/replica:0/task:0/device:GPU:0': [[' 0:', '(384)', ' 1:', '(1)'], ['(384)', ' -t f32'], 0, 18000, 21000, [1552507415070293000, 1552507415070293000, 1552507415070311000, 1552507415070314000], 1]}
ConstantFolding/tower_0/v/gradients/tower_0/v/cg/conv4/conv2d/Conv2D_grad/ShapeN-matshapes-1	ShapeN-matshapes-1	{'/job:localhost/replica:0/task:0/device:GPU:0': [[' 0:', '(3x3x384x256)', ' 1:', '(128x384x13x13)'], ['(4)'], 0, 1000, 2000, [1552507415108817000, 1552507415108817000, 1552507415108818000, 1552507415108819000], 1]}
tower_0/v/xentropy/sparse_softmax_cross_entropy_loss/Greater	Const	{'/job:localhost/replica:0/task:0/device:GPU:0': [[' 0:(none)'], ['(1)', ' -t f32'], 0, 4000, 5000, [1552507415062089000, 1552507415062089000, 1552507415062093000, 1552507415062094000], 1]}
tower_0/v/cg/conv0/Relu	Relu	{'/device:GPU:0/stream:all': [['no inputs saved in stream'], ['no outputs saved in stream'], 0, 1293000, 1293000, [1552507415079198000, 1552507415079198000, 1552507415080491000, 1552507415080491000], 1], '/job:localhost/replica:0/task:0/device:GPU:0': [[' 0:', '(128x64x55x55)'], ['(128x64x55x55)', ' -t f32'], 1000, 1313000, 1316000, [1552507415079184000, 1552507415079185000, 1552507415080497000, 1552507415080500000], 1]}
ConstantFolding/tower_0/v/gradients/tower_0/v/cg/conv2/conv2d/Conv2D_grad/ShapeN-matshapes-1	ShapeN-matshapes-1	{'/job:localhost/replica:0/task:0/device:GPU:0': [[' 0:', '(3x3x192x384)', ' 1:', '(128x192x13x13)'], ['(4)'], 0, 1000, 2000, [1552507415092400000, 1552507415092400000, 1552507415092401000, 1552507415092402000], 1]}
tower_0/v/gradients/AddN_7	AddN	{'/device:GPU:0/stream:all': [['no inputs saved in stream'], ['no outputs saved in stream'], 0, 69000, 69000, [1552507415156367000, 1552507415156367000, 1552507415156436000, 1552507415156436000], 1], '/job:localhost/replica:0/task:0/device:GPU:0': [[' 0:', '(3x3x384x256)', ' 1:', '(3x3x384x256)'], ['(3x3x384x256)', ' -N i: 2 -t f32'], 1000, 86000, 89000, [1552507415156355000, 1552507415156356000, 1552507415156441000, 1552507415156444000], 1]}
tower_0/v/l2_loss/L2Loss_13	L2Loss	{'/device:GPU:0/stream:all': [['no inputs saved in stream'], ['no outputs saved in stream'], 0, 7000, 7000, [1552507415062924000, 1552507415062924000, 1552507415062931000, 1552507415062931000], 1], '/job:localhost/replica:0/task:0/device:GPU:0': [[' 0:', '(4096)'], ['(1)', ' -t f32'], 0, 24000, 26000, [1552507415062912000, 1552507415062912000, 1552507415062936000, 1552507415062938000], 1]}
inc_global_step/AssignAdd/value	Const	{'/job:localhost/replica:0/task:0/device:CPU:0': [[' 0:(none)'], ['(1)', ' -t i64'], 0, 3000, 4000, [1552507415212734000, 1552507415212734000, 1552507415212737000, 1552507415212738000], 1]}
tower_0/v/gradients/tower_0/v/l2_loss/L2Loss_8_grad/mul	Mul	{'/device:GPU:0/stream:all': [['no inputs saved in stream'], ['no outputs saved in stream'], 0, 41000, 41000, [1552507415070622000, 1552507415070622000, 1552507415070663000, 1552507415070663000], 1], '/job:localhost/replica:0/task:0/device:GPU:0': [[' 0:', '(3x3x384x256)', ' 1:', '(1)'], ['(3x3x384x256)', ' -t f32'], 1000, 61000, 64000, [1552507415070607000, 1552507415070608000, 1552507415070668000, 1552507415070671000], 1]}
tower_0/v/gradients/tower_0/v/cg/conv3/conv2d/Conv2D_grad/Conv2DBackpropFilter	Conv2DBackpropFilter	{'/device:GPU:0/stream:all': [['no inputs saved in stream'], ['no outputs saved in stream'], 0, 8833000, 5912000, [1552507415165608000, 1552507415165608000, 1552507415174493000, 1552507415174493000], 1], '/job:localhost/replica:0/task:0/device:GPU:0': [[' 0:', '(128x384x13x13)', ' 1:', '(4)', ' 2:', '(128x384x13x13)'], ['(3x3x384x384)', ' -t f32 -data_format NHWC -p s -cudnn 1'], 1000, 8920000, 8924000, [1552507415165580000, 1552507415165581000, 1552507415174500000, 1552507415174504000], 1]}
main_fetch_group/_41	Identity	{'/job:localhost/replica:0/task:0/device:CPU:0': [[' 0:', '(none)'], ['(1)'], 1000, 2000, 6000, [1552507415212724000, 1552507415212725000, 1552507415212726000, 1552507415212730000], 1]}
append_apply_gradient_ops/GradientDescent/update_v/cg/conv2/biases/ApplyGradientDescent	ApplyGradientDescent	{'/device:GPU:0/stream:all': [['no inputs saved in stream'], ['no outputs saved in stream'], 0, 3000, 3000, [1552507415189847000, 1552507415189847000, 1552507415189850000, 1552507415189850000], 1], '/job:localhost/replica:0/task:0/device:GPU:0': [[' 0:', '(384)', ' 1:', '(1)', ' 2:', '(384)'], ['(384)', ' -t f32 -use_locking 0'], 1000, 20000, 23000, [1552507415189835000, 1552507415189836000, 1552507415189855000, 1552507415189858000], 1]}
tower_0/v/gradients/tower_0/v/l2_loss/L2Loss_10_grad/mul	Mul	{'/device:GPU:0/stream:all': [['no inputs saved in stream'], ['no outputs saved in stream'], 0, 2122000, 2122000, [1552507415065350000, 1552507415065350000, 1552507415067472000, 1552507415067472000], 1], '/job:localhost/replica:0/task:0/device:GPU:0': [[' 0:', '(9216x4096)', ' 1:', '(1)'], ['(9216x4096)', ' -t f32'], 1000, 2146000, 2151000, [1552507415065336000, 1552507415065337000, 1552507415067482000, 1552507415067487000], 1]}
tower_0/v/gradients/tower_0/v/cg/affine0/xw_plus_b/MatMul_grad/MatMul_1	MatMul	{'/device:GPU:0/stream:all': [['no inputs saved in stream'], ['no outputs saved in stream'], 0, 2857000, 2857000, [1552507415129708000, 1552507415129708000, 1552507415132565000, 1552507415132565000], 1], '/job:localhost/replica:0/task:0/device:GPU:0': [[' 0:', '(128x9216)', ' 1:', '(128x4096)'], ['(9216x4096)', ' -t f32 -tr_a 1 -tr_b 0'], 0, 2878000, 2881000, [1552507415129693000, 1552507415129693000, 1552507415132571000, 1552507415132574000], 1]}
append_apply_gradient_ops/GradientDescent/update_v/cg/affine0/biases/ApplyGradientDescent	ApplyGradientDescent	{'/device:GPU:0/stream:all': [['no inputs saved in stream'], ['no outputs saved in stream'], 0, 4000, 4000, [1552507415138499000, 1552507415138499000, 1552507415138503000, 1552507415138503000], 1], '/job:localhost/replica:0/task:0/device:GPU:0': [[' 0:', '(4096)', ' 1:', '(1)', ' 2:', '(4096)'], ['(4096)', ' -t f32 -use_locking 0'], 1000, 23000, 26000, [1552507415138486000, 1552507415138487000, 1552507415138509000, 1552507415138512000], 1]}
tower_0/v/gradients/tower_0/v/l2_loss/L2Loss_13_grad/mul	Mul	{'/device:GPU:0/stream:all': [['no inputs saved in stream'], ['no outputs saved in stream'], 0, 2000, 2000, [1552507415062952000, 1552507415062952000, 1552507415062954000, 1552507415062954000], 1], '/job:localhost/replica:0/task:0/device:GPU:0': [[' 0:', '(4096)', ' 1:', '(1)'], ['(4096)', ' -t f32'], 1000, 19000, 21000, [1552507415062939000, 1552507415062940000, 1552507415062958000, 1552507415062960000], 1]}
tower_0/v/gradients/tower_0/v/l2_loss/L2Loss_14_grad/mul	Mul	{'/device:GPU:0/stream:all': [['no inputs saved in stream'], ['no outputs saved in stream'], 0, 211000, 211000, [1552507415062679000, 1552507415062679000, 1552507415062890000, 1552507415062890000], 1], '/job:localhost/replica:0/task:0/device:GPU:0': [[' 0:', '(4096x1001)', ' 1:', '(1)'], ['(4096x1001)', ' -t f32'], 1000, 230000, 233000, [1552507415062665000, 1552507415062666000, 1552507415062895000, 1552507415062898000], 1]}
ConstantFolding/tower_0/v/gradients/tower_0/v/cg/conv3/conv2d/Conv2D_grad/ShapeN-matshapes-1	ShapeN-matshapes-1	{'/job:localhost/replica:0/task:0/device:GPU:0': [[' 0:', '(3x3x384x384)', ' 1:', '(128x384x13x13)'], ['(4)'], 1000, 2000, 3000, [1552507415098754000, 1552507415098755000, 1552507415098756000, 1552507415098757000], 1]}
tower_0/v/gradients/tower_0/v/cg/conv1/conv2d/Conv2D_grad/Conv2DBackpropFilter	Conv2DBackpropFilter	{'/device:GPU:0/stream:all': [['no inputs saved in stream'], ['no outputs saved in stream'], 0, 5064000, 2195000, [1552507415195093000, 1552507415195093000, 1552507415200213000, 1552507415200213000], 1], '/job:localhost/replica:0/task:0/device:GPU:0': [[' 0:', '(128x64x27x27)', ' 1:', '(4)', ' 2:', '(128x192x27x27)'], ['(5x5x64x192)', ' -t f32 -data_format NHWC -p s -cudnn 1'], 1000, 5158000, 5162000, [1552507415195063000, 1552507415195064000, 1552507415200221000, 1552507415200225000], 1]}
ConstantFolding/tower_0/v/xentropy/sparse_softmax_cross_entropy_loss/div_recip	Const	{'/job:localhost/replica:0/task:0/device:GPU:0': [[' 0:(none)'], ['(1)'], 0, 2000, 3000, [1552507415062100000, 1552507415062100000, 1552507415062102000, 1552507415062103000], 1]}
tower_0/v/gradients/tower_0/v/cg/conv4/Relu_grad/ReluGrad	ReluGrad	{'/device:GPU:0/stream:all': [['no inputs saved in stream'], ['no outputs saved in stream'], 0, 429000, 429000, [1552507415142410000, 1552507415142410000, 1552507415142839000, 1552507415142839000], 1], '/job:localhost/replica:0/task:0/device:GPU:0': [[' 0:', '(128x256x13x13)', ' 1:', '(128x256x13x13)'], ['(128x256x13x13)', ' -t f32'], 1000, 448000, 451000, [1552507415142396000, 1552507415142397000, 1552507415142844000, 1552507415142847000], 1]}
v/cg/affine2/biases	VariableV2	{'/job:localhost/replica:0/task:0/device:GPU:0': [[' 0:(none)'], ['(1001)', ' -t f32'], 0, 4000, 5000, [1552507415062121000, 1552507415062121000, 1552507415062125000, 1552507415062126000], 1]}
tower_0/v/cg/affine2/xw_plus_b	BiasAdd	{'/device:GPU:0/stream:all': [['no inputs saved in stream'], ['no outputs saved in stream'], 0, 7000, 7000, [1552507415121846000, 1552507415121846000, 1552507415121853000, 1552507415121853000], 1], '/job:localhost/replica:0/task:0/device:GPU:0': [[' 0:', '(128x1001)', ' 1:', '(1001)'], ['(128x1001)', ' -t f32 -data_format NHWC'], 1000, 24000, 26000, [1552507415121833000, 1552507415121834000, 1552507415121857000, 1552507415121859000], 1]}
tower_0/v/gradients/tower_0/v/l2_loss/L2Loss_7_grad/mul	Mul	{'/device:GPU:0/stream:all': [['no inputs saved in stream'], ['no outputs saved in stream'], 0, 2000, 2000, [1552507415070524000, 1552507415070524000, 1552507415070526000, 1552507415070526000], 1], '/job:localhost/replica:0/task:0/device:GPU:0': [[' 0:', '(384)', ' 1:', '(1)'], ['(384)', ' -t f32'], 1000, 18000, 21000, [1552507415070512000, 1552507415070513000, 1552507415070530000, 1552507415070533000], 1]}
append_apply_gradient_ops/GradientDescent/update_v/cg/conv1/conv2d/kernel/ApplyGradientDescent	ApplyGradientDescent	{'/device:GPU:0/stream:all': [['no inputs saved in stream'], ['no outputs saved in stream'], 0, 25000, 25000, [1552507415204460000, 1552507415204460000, 1552507415204485000, 1552507415204485000], 1], '/job:localhost/replica:0/task:0/device:GPU:0': [[' 0:', '(5x5x64x192)', ' 1:', '(1)', ' 2:', '(5x5x64x192)'], ['(5x5x64x192)', ' -t f32 -use_locking 0'], 1000, 42000, 45000, [1552507415204448000, 1552507415204449000, 1552507415204490000, 1552507415204493000], 1]}
tower_0/v/l2_loss/L2Loss_2	L2Loss	{'/device:GPU:0/stream:all': [['no inputs saved in stream'], ['no outputs saved in stream'], 0, 20000, 18000, [1552507415070020000, 1552507415070020000, 1552507415070051000, 1552507415070051000], 1], '/job:localhost/replica:0/task:0/device:GPU:0': [[' 0:', '(5x5x64x192)'], ['(1)', ' -t f32'], 1000, 49000, 52000, [1552507415070007000, 1552507415070008000, 1552507415070056000, 1552507415070059000], 1]}
tower_0/v/l2_loss/L2Loss_15	L2Loss	{'/device:GPU:0/stream:all': [['no inputs saved in stream'], ['no outputs saved in stream'], 0, 4000, 4000, [1552507415062461000, 1552507415062461000, 1552507415062465000, 1552507415062465000], 1], '/job:localhost/replica:0/task:0/device:GPU:0': [[' 0:', '(1001)'], ['(1)', ' -t f32'], 0, 25000, 27000, [1552507415062445000, 1552507415062445000, 1552507415062470000, 1552507415062472000], 1]}
tower_0/v/gradients/tower_0/v/cg/affine2/xw_plus_b/MatMul_grad/MatMul_1	MatMul	{'/device:GPU:0/stream:all': [['no inputs saved in stream'], ['no outputs saved in stream'], 0, 341000, 341000, [1552507415122302000, 1552507415122302000, 1552507415122643000, 1552507415122643000], 1], '/job:localhost/replica:0/task:0/device:GPU:0': [[' 0:', '(128x4096)', ' 1:', '(128x1001)'], ['(4096x1001)', ' -t f32 -tr_a 1 -tr_b 0'], 1000, 362000, 366000, [1552507415122286000, 1552507415122287000, 1552507415122648000, 1552507415122652000], 1]}
tower_0/v/mul	Mul	{'/device:GPU:0/stream:all': [['no inputs saved in stream'], ['no outputs saved in stream'], 0, 2000, 2000, [1552507415079066000, 1552507415079066000, 1552507415079068000, 1552507415079068000], 1], '/job:localhost/replica:0/task:0/device:GPU:0': [[' 0:', '(1)', ' 1:', '(1)'], ['(1)', ' -t f32'], 1000, 19000, 22000, [1552507415079053000, 1552507415079054000, 1552507415079072000, 1552507415079075000], 1]}
tower_0/v/l2_loss/L2Loss_4	L2Loss	{'/device:GPU:0/stream:all': [['no inputs saved in stream'], ['no outputs saved in stream'], 0, 28000, 24000, [1552507415070164000, 1552507415070164000, 1552507415070205000, 1552507415070205000], 1], '/job:localhost/replica:0/task:0/device:GPU:0': [[' 0:', '(3x3x192x384)'], ['(1)', ' -t f32'], 0, 70000, 72000, [1552507415070140000, 1552507415070140000, 1552507415070210000, 1552507415070212000], 1]}
tower_0/v/gradients/tower_0/v/cg/conv0/conv2d/Conv2D_grad/Conv2DBackpropFilter-0-TransposeNHWCToNCHW-LayoutOptimizer	Transpose	{'/device:GPU:0/stream:all': [['no inputs saved in stream'], ['no outputs saved in stream'], 0, 1927000, 1927000, [1552507415067528000, 1552507415067528000, 1552507415069455000, 1552507415069455000], 1], '/job:localhost/replica:0/task:0/device:GPU:0': [[' 0:', '(128x227x227x3)', ' 1:', '(4)'], ['(128x3x227x227)'], 1000, 1972000, 1979000, [1552507415067494000, 1552507415067495000, 1552507415069466000, 1552507415069473000], 1]}
tower_0/v/xentropy/sparse_softmax_cross_entropy_loss/value	Select	{'/device:GPU:0/stream:all': [['no inputs saved in stream'], ['no outputs saved in stream'], 0, 2000, 2000, [1552507415123531000, 1552507415123531000, 1552507415123533000, 1552507415123533000], 1], '/job:localhost/replica:0/task:0/device:GPU:0': [[' 0:', '(1)', ' 1:', '(1)', ' 2:', '(1)'], ['(1)', ' -t f32'], 0, 23000, 25000, [1552507415123515000, 1552507415123515000, 1552507415123538000, 1552507415123540000], 1]}
tower_0/v/l2_loss/L2Loss_6	L2Loss	{'/device:GPU:0/stream:all': [['no inputs saved in stream'], ['no outputs saved in stream'], 0, 42000, 39000, [1552507415070336000, 1552507415070336000, 1552507415070391000, 1552507415070391000], 1], '/job:localhost/replica:0/task:0/device:GPU:0': [[' 0:', '(3x3x384x384)'], ['(1)', ' -t f32'], 0, 80000, 82000, [1552507415070316000, 1552507415070316000, 1552507415070396000, 1552507415070398000], 1]}
tower_0/v/gradients/tower_0/v/cg/conv0/conv2d/Conv2D_grad/Conv2DBackpropFilter	Conv2DBackpropFilter	{'/device:GPU:0/stream:all': [['no inputs saved in stream'], ['no outputs saved in stream'], 0, 7223000, 7212000, [1552507415205217000, 1552507415205217000, 1552507415212505000, 1552507415212505000], 1], '/job:localhost/replica:0/task:0/device:GPU:0': [[' 0:', '(128x3x227x227)', ' 1:', '(4)', ' 2:', '(128x64x55x55)'], ['(11x11x3x64)', ' -t f32 -data_format NHWC -strides list { i: 1 i: 4 i: 4 i: 1} -cudnn 1'], 0, 7333000, 7338000, [1552507415205180000, 1552507415205180000, 1552507415212513000, 1552507415212518000], 1]}
tower_0/v/l2_loss/L2Loss_8	L2Loss	{'/device:GPU:0/stream:all': [['no inputs saved in stream'], ['no outputs saved in stream'], 0, 32000, 29000, [1552507415070555000, 1552507415070555000, 1552507415070599000, 1552507415070599000], 1], '/job:localhost/replica:0/task:0/device:GPU:0': [[' 0:', '(3x3x384x256)'], ['(1)', ' -t f32'], 0, 69000, 71000, [1552507415070535000, 1552507415070535000, 1552507415070604000, 1552507415070606000], 1]}
v/cg/affine1/weights	VariableV2	{'/job:localhost/replica:0/task:0/device:GPU:0': [[' 0:(none)'], ['(4096x4096)', ' -t f32'], 0, 2000, 3000, [1552507415062157000, 1552507415062157000, 1552507415062159000, 1552507415062160000], 1]}
tower_0/v/gradients/tower_0/v/cg/affine2/xw_plus_b/MatMul_grad/MatMul	MatMul	{'/device:GPU:0/stream:all': [['no inputs saved in stream'], ['no outputs saved in stream'], 0, 379000, 379000, [1552507415122672000, 1552507415122672000, 1552507415123051000, 1552507415123051000], 1], '/job:localhost/replica:0/task:0/device:GPU:0': [[' 0:', '(128x1001)', ' 1:', '(4096x1001)'], ['(128x4096)', ' -t f32 -tr_a 0 -tr_b 1'], 0, 399000, 403000, [1552507415122657000, 1552507415122657000, 1552507415123056000, 1552507415123060000], 1]}
tower_0/v/gradients/AddN_6	AddN	{'/device:GPU:0/stream:all': [['no inputs saved in stream'], ['no outputs saved in stream'], 0, 2000, 2000, [1552507415156343000, 1552507415156343000, 1552507415156345000, 1552507415156345000], 1], '/job:localhost/replica:0/task:0/device:GPU:0': [[' 0:', '(256)', ' 1:', '(256)'], ['(256)', ' -N i: 2 -t f32'], 1000, 19000, 22000, [1552507415156331000, 1552507415156332000, 1552507415156350000, 1552507415156353000], 1]}
tower_0/v/gradients/tower_0/v/l2_loss/L2Loss_15_grad/mul	Mul	{'/device:GPU:0/stream:all': [['no inputs saved in stream'], ['no outputs saved in stream'], 0, 2000, 2000, [1552507415062491000, 1552507415062491000, 1552507415062493000, 1552507415062493000], 1], '/job:localhost/replica:0/task:0/device:GPU:0': [[' 0:', '(1001)', ' 1:', '(1)'], ['(1001)', ' -t f32'], 1000, 25000, 28000, [1552507415062473000, 1552507415062474000, 1552507415062498000, 1552507415062501000], 1]}
tower_0/v/cg/conv2/Relu	Relu	{'/device:GPU:0/stream:all': [['no inputs saved in stream'], ['no outputs saved in stream'], 0, 436000, 436000, [1552507415098305000, 1552507415098305000, 1552507415098741000, 1552507415098741000], 1], '/job:localhost/replica:0/task:0/device:GPU:0': [[' 0:', '(128x384x13x13)'], ['(128x384x13x13)', ' -t f32'], 1000, 453000, 455000, [1552507415098293000, 1552507415098294000, 1552507415098746000, 1552507415098748000], 1]}
tower_0/v/cg/dropout0/dropout/dropout/div	Mul	{'/device:GPU:0/stream:all': [['no inputs saved in stream'], ['no outputs saved in stream'], 0, 29000, 29000, [1552507415119645000, 1552507415119645000, 1552507415119674000, 1552507415119674000], 1], '/job:localhost/replica:0/task:0/device:GPU:0': [[' 0:', '(1)', ' 1:', '(128x4096)'], ['(128x4096)', ' -t f32'], 0, 50000, 53000, [1552507415119629000, 1552507415119629000, 1552507415119679000, 1552507415119682000], 1]}
append_apply_gradient_ops/GradientDescent/update_v/cg/affine1/biases/ApplyGradientDescent	ApplyGradientDescent	{'/device:GPU:0/stream:all': [['no inputs saved in stream'], ['no outputs saved in stream'], 0, 3000, 3000, [1552507415128254000, 1552507415128254000, 1552507415128257000, 1552507415128257000], 1], '/job:localhost/replica:0/task:0/device:GPU:0': [[' 0:', '(4096)', ' 1:', '(1)', ' 2:', '(4096)'], ['(4096)', ' -t f32 -use_locking 0'], 1000, 21000, 25000, [1552507415128241000, 1552507415128242000, 1552507415128262000, 1552507415128266000], 1]}
tower_0/v/l2_loss/L2Loss_11	L2Loss	{'/device:GPU:0/stream:all': [['no inputs saved in stream'], ['no outputs saved in stream'], 0, 7000, 7000, [1552507415064337000, 1552507415064337000, 1552507415064344000, 1552507415064344000], 1], '/job:localhost/replica:0/task:0/device:GPU:0': [[' 0:', '(4096)'], ['(1)', ' -t f32'], 1000, 24000, 27000, [1552507415064324000, 1552507415064325000, 1552507415064348000, 1552507415064351000], 1]}
_retval_average_loss/Mean_0_0	_Retval	{'/job:localhost/replica:0/task:0/device:CPU:0': [[' 0:', '(1)'], ['(none)'], 1000, 3000, 5000, [1552507415135558000, 1552507415135559000, 1552507415135561000, 1552507415135563000], 1]}
tower_0/v/l2_loss/AddN	AddN	{'/device:GPU:0/stream:all': [['no inputs saved in stream'], ['no outputs saved in stream'], 0, 5000, 3000, [1552507415077246000, 1552507415077246000, 1552507415077266000, 1552507415077266000], 1], '/job:localhost/replica:0/task:0/device:GPU:0': [[' 0:(16x1)'], ['(1)', ' -N i: 16 -t f32'], 2000, 45000, 53000, [1552507415077226000, 1552507415077228000, 1552507415077271000, 1552507415077279000], 1]}
tower_0/v/cg/Reshape/shape	Const	{'/job:localhost/replica:0/task:0/device:GPU:0': [[' 0:(none)'], ['(2)', ' -t i32'], 200, 700, 3000, [1552507415062164000, 1552507415062164200, 1552507415062164700, 1552507415062167000], 1]}
tower_0/v/gradients/tower_0/v/cg/mpool1/MaxPool_grad/MaxPoolGrad	MaxPoolGrad	{'/device:GPU:0/stream:all': [['no inputs saved in stream'], ['no outputs saved in stream'], 0, 1303000, 1303000, [1552507415187004000, 1552507415187004000, 1552507415188307000, 1552507415188307000], 1], '/job:localhost/replica:0/task:0/device:GPU:0': [[' 0:', '(128x192x27x27)', ' 1:', '(128x192x13x13)', ' 2:', '(128x192x13x13)'], ['(128x192x27x27)', ' -t f32 -data_format NHWC -ksize list { i: 1 i: 3 i: 3 i: 1} -strides 1 2 2 1'], 1000, 1334000, 1339000, [1552507415186980000, 1552507415186981000, 1552507415188314000, 1552507415188319000], 1]}
tower_0/v/gpu_cached_inputs/read	Identity	{'/job:localhost/replica:0/task:0/device:GPU:0': [[' 0:', '(128x227x227x3)'], ['(128x227x227x3)', ' -t f32'], 0, 1000, 2000, [1552507415062409000, 1552507415062409000, 1552507415062410000, 1552507415062411000], 1]}
tower_0/v/gradients/AddN_5	AddN	{'/device:GPU:0/stream:all': [['no inputs saved in stream'], ['no outputs saved in stream'], 0, 2882000, 2882000, [1552507415135588000, 1552507415135588000, 1552507415138470000, 1552507415138470000], 1], '/job:localhost/replica:0/task:0/device:GPU:0': [[' 0:', '(9216x4096)', ' 1:', '(9216x4096)'], ['(9216x4096)', ' -N i: 2 -t f32'], 1000, 2903000, 2907000, [1552507415135572000, 1552507415135573000, 1552507415138475000, 1552507415138479000], 1]}
tower_0/v/l2_loss/L2Loss_7	L2Loss	{'/device:GPU:0/stream:all': [['no inputs saved in stream'], ['no outputs saved in stream'], 0, 3000, 3000, [1552507415070502000, 1552507415070502000, 1552507415070505000, 1552507415070505000], 1], '/job:localhost/replica:0/task:0/device:GPU:0': [[' 0:', '(384)'], ['(1)', ' -t f32'], 1000, 19000, 21000, [1552507415070490000, 1552507415070491000, 1552507415070509000, 1552507415070511000], 1]}
ConstantFolding/average_loss/Mean/input_const_axis	Const	{'/job:localhost/replica:0/task:0/device:GPU:0': [[' 0:(none)'], ['(1)'], 1000, 2000, 3000, [1552507415126841000, 1552507415126842000, 1552507415126843000, 1552507415126844000], 1]}
v/cg/conv0/biases/read	Identity	{'/job:localhost/replica:0/task:0/device:GPU:0': [[' 0:', '(64)'], ['(64)', ' -t f32'], 0, 1000, 2000, [1552507415062416000, 1552507415062416000, 1552507415062417000, 1552507415062418000], 1]}
tower_0/v/gradients/tower_0/v/l2_loss/L2Loss_grad/mul	Mul	{'/device:GPU:0/stream:all': [['no inputs saved in stream'], ['no outputs saved in stream'], 0, 2000, 2000, [1552507415069944000, 1552507415069944000, 1552507415069946000, 1552507415069946000], 1], '/job:localhost/replica:0/task:0/device:GPU:0': [[' 0:', '(11x11x3x64)', ' 1:', '(1)'], ['(11x11x3x64)', ' -t f32'], 1000, 25000, 28000, [1552507415069926000, 1552507415069927000, 1552507415069951000, 1552507415069954000], 1]}
tower_0/v/alexnet_synthetic_labels/max	Const	{'/job:localhost/replica:0/task:0/device:GPU:0': [[' 0:(none)'], ['(1)', ' -t i32'], 0, 1000, 2000, [1552507415062134000, 1552507415062134000, 1552507415062135000, 1552507415062136000], 1]}
tower_0/v/gradients/AddN_8	AddN	{'/device:GPU:0/stream:all': [['no inputs saved in stream'], ['no outputs saved in stream'], 0, 3000, 3000, [1552507415175303000, 1552507415175303000, 1552507415175306000, 1552507415175306000], 1], '/job:localhost/replica:0/task:0/device:GPU:0': [[' 0:', '(384)', ' 1:', '(384)'], ['(384)', ' -N i: 2 -t f32'], 1000, 20000, 24000, [1552507415175290000, 1552507415175291000, 1552507415175310000, 1552507415175314000], 1]}
append_apply_gradient_ops/GradientDescent/update_v/cg/affine2/weights/ApplyGradientDescent	ApplyGradientDescent	{'/device:GPU:0/stream:all': [['no inputs saved in stream'], ['no outputs saved in stream'], 0, 315000, 315000, [1552507415123583000, 1552507415123583000, 1552507415123898000, 1552507415123898000], 1], '/job:localhost/replica:0/task:0/device:GPU:0': [[' 0:', '(4096x1001)', ' 1:', '(1)', ' 2:', '(4096x1001)'], ['(4096x1001)', ' -t f32 -use_locking 0'], 0, 331000, 335000, [1552507415123572000, 1552507415123572000, 1552507415123903000, 1552507415123907000], 1]}
tower_0/v/gradients/AddN_13	AddN	{'/device:GPU:0/stream:all': [['no inputs saved in stream'], ['no outputs saved in stream'], 0, 24000, 24000, [1552507415202450000, 1552507415202450000, 1552507415202474000, 1552507415202474000], 1], '/job:localhost/replica:0/task:0/device:GPU:0': [[' 0:', '(5x5x64x192)', ' 1:', '(5x5x64x192)'], ['(5x5x64x192)', ' -N i: 2 -t f32'], 1000, 42000, 45000, [1552507415202437000, 1552507415202438000, 1552507415202479000, 1552507415202482000], 1]}
v/cg/affine1/biases	VariableV2	{'/job:localhost/replica:0/task:0/device:GPU:0': [[' 0:(none)'], ['(4096)', ' -t f32'], 0, 2000, 3000, [1552507415062153000, 1552507415062153000, 1552507415062155000, 1552507415062156000], 1]}
tower_0/v/gradients/tower_0/v/cg/conv3/Relu_grad/ReluGrad	ReluGrad	{'/device:GPU:0/stream:all': [['no inputs saved in stream'], ['no outputs saved in stream'], 0, 641000, 641000, [1552507415155678000, 1552507415155678000, 1552507415156319000, 1552507415156319000], 1], '/job:localhost/replica:0/task:0/device:GPU:0': [[' 0:', '(128x384x13x13)', ' 1:', '(128x384x13x13)'], ['(128x384x13x13)', ' -t f32'], 1000, 662000, 666000, [1552507415155663000, 1552507415155664000, 1552507415156325000, 1552507415156329000], 1]}
v/cg/conv2/biases	VariableV2	{'/job:localhost/replica:0/task:0/device:GPU:0': [[' 0:(none)'], ['(384)', ' -t f32'], 0, 2000, 3000, [1552507415062205000, 1552507415062205000, 1552507415062207000, 1552507415062208000], 1]}
tower_0/v/gradients/tower_0/v/xentropy/sparse_softmax_cross_entropy_loss/xentropy/xentropy_grad/ExpandDims	Const	{'/job:localhost/replica:0/task:0/device:GPU:0': [[' 0:(none)'], ['(128)', ' -t f32 -Tdim i32'], 1000, 3000, 4000, [1552507415062116000, 1552507415062117000, 1552507415062119000, 1552507415062120000], 1]}
tower_0/v/gradients/tower_0/v/cg/conv4/conv2d/Conv2D_grad/Conv2DBackpropInput	Conv2DBackpropInput	{'/device:GPU:0/stream:all': [['no inputs saved in stream'], ['no outputs saved in stream'], 0, 6271000, 4293000, [1552507415142871000, 1552507415142871000, 1552507415149213000, 1552507415149213000], 1], '/job:localhost/replica:0/task:0/device:GPU:0': [[' 0:', '(4)', ' 1:', '(3x3x384x256)', ' 2:', '(128x256x13x13)'], ['(128x384x13x13)', ' -t f32 -data_format NHWC -p s -cudnn 1'], 0, 6373000, 6377000, [1552507415142850000, 1552507415142850000, 1552507415149223000, 1552507415149227000], 1]}
tower_0/v/gradients/tower_0/v/cg/conv2/conv2d/Conv2D_grad/Conv2DBackpropFilter	Conv2DBackpropFilter	{'/device:GPU:0/stream:all': [['no inputs saved in stream'], ['no outputs saved in stream'], 0, 5876000, 4000000, [1552507415180887000, 1552507415180887000, 1552507415186815000, 1552507415186815000], 1], '/job:localhost/replica:0/task:0/device:GPU:0': [[' 0:', '(128x192x13x13)', ' 1:', '(4)', ' 2:', '(128x384x13x13)'], ['(3x3x192x384)', ' -t f32 -data_format NHWC -p s -cudnn 1'], 1000, 5963000, 5967000, [1552507415180858000, 1552507415180859000, 1552507415186821000, 1552507415186825000], 1]}
tower_0/v/cg/conv2/BiasAdd	BiasAdd	{'/device:GPU:0/stream:all': [['no inputs saved in stream'], ['no outputs saved in stream'], 0, 557000, 557000, [1552507415097727000, 1552507415097727000, 1552507415098284000, 1552507415098284000], 1], '/job:localhost/replica:0/task:0/device:GPU:0': [[' 0:', '(128x384x13x13)', ' 1:', '(384)'], ['(128x384x13x13)', ' -t f32 -data_format NHWC'], 1000, 576000, 579000, [1552507415097712000, 1552507415097713000, 1552507415098288000, 1552507415098291000], 1]}
ConstantFolding/tower_0/v/gradients/tower_0/v/cg/conv1/conv2d/Conv2D_grad/ShapeN-matshapes-1	ShapeN-matshapes-1	{'/job:localhost/replica:0/task:0/device:GPU:0': [[' 0:', '(5x5x64x192)', ' 1:', '(128x64x27x27)'], ['(4)'], 200, 700, 2000, [1552507415081767000, 1552507415081767200, 1552507415081767700, 1552507415081769000], 1]}
tower_0/v/gradients/AddN_1	AddN	{'/device:GPU:0/stream:all': [['no inputs saved in stream'], ['no outputs saved in stream'], 0, 314000, 314000, [1552507415123127000, 1552507415123127000, 1552507415123441000, 1552507415123441000], 1], '/job:localhost/replica:0/task:0/device:GPU:0': [[' 0:', '(4096x1001)', ' 1:', '(4096x1001)'], ['(4096x1001)', ' -N i: 2 -t f32'], 1000, 330000, 333000, [1552507415123115000, 1552507415123116000, 1552507415123445000, 1552507415123448000], 1]}
tower_0/v/l2_loss/L2Loss_12	L2Loss	{'/device:GPU:0/stream:all': [['no inputs saved in stream'], ['no outputs saved in stream'], 0, 414000, 411000, [1552507415062982000, 1552507415062982000, 1552507415063408000, 1552507415063408000], 1], '/job:localhost/replica:0/task:0/device:GPU:0': [[' 0:', '(4096x4096)'], ['(1)', ' -t f32'], 1000, 452000, 454000, [1552507415062961000, 1552507415062962000, 1552507415063413000, 1552507415063415000], 1]}
append_apply_gradient_ops/GradientDescent/update_v/cg/conv3/conv2d/kernel/ApplyGradientDescent	ApplyGradientDescent	{'/device:GPU:0/stream:all': [['no inputs saved in stream'], ['no outputs saved in stream'], 0, 99000, 99000, [1552507415186870000, 1552507415186870000, 1552507415186969000, 1552507415186969000], 1], '/job:localhost/replica:0/task:0/device:GPU:0': [[' 0:', '(3x3x384x384)', ' 1:', '(1)', ' 2:', '(3x3x384x384)'], ['(3x3x384x384)', ' -t f32 -use_locking 0'], 1000, 117000, 120000, [1552507415186858000, 1552507415186859000, 1552507415186975000, 1552507415186978000], 1]}
v/cg/conv1/biases	VariableV2	{'/job:localhost/replica:0/task:0/device:GPU:0': [[' 0:(none)'], ['(192)', ' -t f32'], 0, 1000, 2000, [1552507415062198000, 1552507415062198000, 1552507415062199000, 1552507415062200000], 1]}
tower_0/v/cg/dropout0_1/dropout/dropout/div	Mul	{'/device:GPU:0/stream:all': [['no inputs saved in stream'], ['no outputs saved in stream'], 0, 29000, 29000, [1552507415121314000, 1552507415121314000, 1552507415121343000, 1552507415121343000], 1], '/job:localhost/replica:0/task:0/device:GPU:0': [[' 0:', '(1)', ' 1:', '(128x4096)'], ['(128x4096)', ' -t f32'], 1000, 47000, 50000, [1552507415121301000, 1552507415121302000, 1552507415121348000, 1552507415121351000], 1]}
tower_0/v/gradients/AddN_10	AddN	{'/device:GPU:0/stream:all': [['no inputs saved in stream'], ['no outputs saved in stream'], 0, 3000, 3000, [1552507415188339000, 1552507415188339000, 1552507415188342000, 1552507415188342000], 1], '/job:localhost/replica:0/task:0/device:GPU:0': [[' 0:', '(384)', ' 1:', '(384)'], ['(384)', ' -N i: 2 -t f32'], 1000, 22000, 25000, [1552507415188324000, 1552507415188325000, 1552507415188346000, 1552507415188349000], 1]}
tower_0/v/gradients/tower_0/v/cg/conv0/Relu_grad/ReluGrad	ReluGrad	{'/device:GPU:0/stream:all': [['no inputs saved in stream'], ['no outputs saved in stream'], 0, 1912000, 1912000, [1552507415202498000, 1552507415202498000, 1552507415204410000, 1552507415204410000], 1], '/job:localhost/replica:0/task:0/device:GPU:0': [[' 0:', '(128x64x55x55)', ' 1:', '(128x64x55x55)'], ['(128x64x55x55)', ' -t f32'], 0, 1930000, 1934000, [1552507415202485000, 1552507415202485000, 1552507415204415000, 1552507415204419000], 1]}
tower_0/v/gpu_cached_inputs	VariableV2	{'/job:localhost/replica:0/task:0/device:GPU:0': [[' 0:(none)'], ['(128x227x227x3)', ' -t f32'], 0, 3000, 4000, [1552507415062178000, 1552507415062178000, 1552507415062181000, 1552507415062182000], 1]}
tower_0/v/gradients/tower_0/v/l2_loss/L2Loss_12_grad/mul	Mul	{'/device:GPU:0/stream:all': [['no inputs saved in stream'], ['no outputs saved in stream'], 0, 872000, 872000, [1552507415063439000, 1552507415063439000, 1552507415064311000, 1552507415064311000], 1], '/job:localhost/replica:0/task:0/device:GPU:0': [[' 0:', '(4096x4096)', ' 1:', '(1)'], ['(4096x4096)', ' -t f32'], 0, 899000, 902000, [1552507415063418000, 1552507415063418000, 1552507415064317000, 1552507415064320000], 1]}
tower_0/v/cg/dropout0/dropout/dropout/random_uniform/mul	Snapshot	{'/job:localhost/replica:0/task:0/device:GPU:0': [[' 0:', '(128x4096)'], ['(128x4096)', ' -t f32'], 0, 1000, 2000, [1552507415062908000, 1552507415062908000, 1552507415062909000, 1552507415062910000], 1]}
tower_0/v/gradients/tower_0/v/cg/affine1/xw_plus_b/MatMul_grad/MatMul_1	MatMul	{'/device:GPU:0/stream:all': [['no inputs saved in stream'], ['no outputs saved in stream'], 0, 1291000, 1291000, [1552507415124072000, 1552507415124072000, 1552507415125363000, 1552507415125363000], 1], '/job:localhost/replica:0/task:0/device:GPU:0': [[' 0:', '(128x4096)', ' 1:', '(128x4096)'], ['(4096x4096)', ' -t f32 -tr_a 1 -tr_b 0'], 1000, 1313000, 1317000, [1552507415124055000, 1552507415124056000, 1552507415125368000, 1552507415125372000], 1]}
tower_0/v/cg/affine1/affine1	Relu	{'/device:GPU:0/stream:all': [['no inputs saved in stream'], ['no outputs saved in stream'], 0, 29000, 29000, [1552507415121264000, 1552507415121264000, 1552507415121293000, 1552507415121293000], 1], '/job:localhost/replica:0/task:0/device:GPU:0': [[' 0:', '(128x4096)'], ['(128x4096)', ' -t f32'], 0, 44000, 46000, [1552507415121254000, 1552507415121254000, 1552507415121298000, 1552507415121300000], 1]}
tower_0/v/cg/mpool0/MaxPool	MaxPool	{'/device:GPU:0/stream:all': [['no inputs saved in stream'], ['no outputs saved in stream'], 0, 1220000, 1220000, [1552507415080528000, 1552507415080528000, 1552507415081748000, 1552507415081748000], 1], '/job:localhost/replica:0/task:0/device:GPU:0': [[' 0:', '(128x64x55x55)'], ['(128x64x27x27)', ' -t f32 -data_format NHWC -ksize list { i: 1 i: 3 i: 3 i: 1} -strides 1 2 2 1'], 0, 1253000, 1256000, [1552507415080502000, 1552507415080502000, 1552507415081755000, 1552507415081758000], 1]}
tower_0/v/cg/conv1/conv2d/Conv2D	Conv2D	{'/device:GPU:0/stream:all': [['no inputs saved in stream'], ['no outputs saved in stream'], 0, 5273000, 2830000, [1552507415081790000, 1552507415081790000, 1552507415088913000, 1552507415088913000], 1], '/job:localhost/replica:0/task:0/device:GPU:0': [[' 0:', '(128x64x27x27)', ' 1:', '(5x5x64x192)'], ['(128x192x27x27)', ' -t f32 -data_format NHWC -p s -cudnn 1'], 0, 7172000, 7178000, [1552507415081771000, 1552507415081771000, 1552507415088943000, 1552507415088949000], 1]}
tower_0/v/cg/affine2/xw_plus_b/MatMul	MatMul	{'/device:GPU:0/stream:all': [['no inputs saved in stream'], ['no outputs saved in stream'], 0, 366000, 366000, [1552507415121452000, 1552507415121452000, 1552507415121818000, 1552507415121818000], 1], '/job:localhost/replica:0/task:0/device:GPU:0': [[' 0:', '(128x4096)', ' 1:', '(4096x1001)'], ['(128x1001)', ' -t f32 -tr_a 0 -tr_b 0'], 1000, 408000, 411000, [1552507415121418000, 1552507415121419000, 1552507415121826000, 1552507415121829000], 1]}
tower_0/v/cg/conv3/Relu	Relu	{'/device:GPU:0/stream:all': [['no inputs saved in stream'], ['no outputs saved in stream'], 0, 435000, 435000, [1552507415108369000, 1552507415108369000, 1552507415108804000, 1552507415108804000], 1], '/job:localhost/replica:0/task:0/device:GPU:0': [[' 0:', '(128x384x13x13)'], ['(128x384x13x13)', ' -t f32'], 0, 449000, 452000, [1552507415108359000, 1552507415108359000, 1552507415108808000, 1552507415108811000], 1]}
tower_0/v/xentropy/sparse_softmax_cross_entropy_loss/Const_1	Const	{'/job:localhost/replica:0/task:0/device:GPU:0': [[' 0:(none)'], ['(1)', ' -t i32'], 0, 1000, 4000, [1552507415062095000, 1552507415062095000, 1552507415062096000, 1552507415062099000], 1]}
inc_global_step/AssignAdd	AssignAdd	{'/job:localhost/replica:0/task:0/device:CPU:0': [[' 0:', '(1)', ' 1:', '(1)'], ['(1)', ' -t i64 -use_locking 0'], 1000, 4000, 5000, [1552507415212739000, 1552507415212740000, 1552507415212743000, 1552507415212744000], 1]}
tower_0/v/xentropy/sparse_softmax_cross_entropy_loss/div	Mul	{'/device:GPU:0/stream:all': [['no inputs saved in stream'], ['no outputs saved in stream'], 0, 2000, 2000, [1552507415123078000, 1552507415123078000, 1552507415123080000, 1552507415123080000], 1], '/job:localhost/replica:0/task:0/device:GPU:0': [[' 0:', '(1)', ' 1:', '(1)'], ['(1)', ' -t f32'], 1000, 22000, 24000, [1552507415123063000, 1552507415123064000, 1552507415123085000, 1552507415123087000], 1]}
tower_0/v/gradients/tower_0/v/cg/affine1/xw_plus_b_grad/BiasAddGrad	BiasAddGrad	{'/device:GPU:0/stream:all': [['no inputs saved in stream'], ['no outputs saved in stream'], 0, 24000, 24000, [1552507415124022000, 1552507415124022000, 1552507415124046000, 1552507415124046000], 1], '/job:localhost/replica:0/task:0/device:GPU:0': [[' 0:', '(128x4096)'], ['(4096)', ' -t f32 -data_format NHWC'], 1000, 49000, 52000, [1552507415124002000, 1552507415124003000, 1552507415124051000, 1552507415124054000], 1]}
v/cg/conv0/conv2d/kernel/read	Identity	{'/job:localhost/replica:0/task:0/device:GPU:0': [[' 0:', '(11x11x3x64)'], ['(11x11x3x64)', ' -t f32'], 0, 1000, 2000, [1552507415062412000, 1552507415062412000, 1552507415062413000, 1552507415062414000], 1]}
v/cg/conv1/biases/read	Identity	{'/job:localhost/replica:0/task:0/device:GPU:0': [[' 0:', '(192)'], ['(192)', ' -t f32'], 200, 700, 3000, [1552507415062422000, 1552507415062422200, 1552507415062422700, 1552507415062425000], 1]}
tower_0/v/cg/affine1/xw_plus_b/MatMul	MatMul	{'/device:GPU:0/stream:all': [['no inputs saved in stream'], ['no outputs saved in stream'], 0, 1422000, 1422000, [1552507415119768000, 1552507415119768000, 1552507415121190000, 1552507415121190000], 1], '/job:localhost/replica:0/task:0/device:GPU:0': [[' 0:', '(128x4096)', ' 1:', '(4096x4096)'], ['(128x4096)', ' -t f32 -tr_a 0 -tr_b 0'], 0, 1443000, 1445000, [1552507415119753000, 1552507415119753000, 1552507415121196000, 1552507415121198000], 1]}
v/cg/conv3/biases	VariableV2	{'/job:localhost/replica:0/task:0/device:GPU:0': [[' 0:(none)'], ['(384)', ' -t f32'], 1000, 2000, 3000, [1552507415062213000, 1552507415062214000, 1552507415062215000, 1552507415062216000], 1]}
v/cg/affine0/biases	VariableV2	{'/job:localhost/replica:0/task:0/device:GPU:0': [[' 0:(none)'], ['(4096)', ' -t f32'], 1000, 3000, 4000, [1552507415062167000, 1552507415062168000, 1552507415062170000, 1552507415062171000], 1]}
tower_0/v/cg/dropout0_1/dropout/dropout/mul	Mul	{'/device:GPU:0/stream:all': [['no inputs saved in stream'], ['no outputs saved in stream'], 0, 41000, 41000, [1552507415121366000, 1552507415121366000, 1552507415121407000, 1552507415121407000], 1], '/job:localhost/replica:0/task:0/device:GPU:0': [[' 0:', '(128x4096)', ' 1:', '(128x4096)'], ['(128x4096)', ' -t f32'], 1000, 59000, 62000, [1552507415121354000, 1552507415121355000, 1552507415121413000, 1552507415121416000], 1]}
v/cg/conv1/conv2d/kernel/read	Identity	{'/job:localhost/replica:0/task:0/device:GPU:0': [[' 0:', '(5x5x64x192)'], ['(5x5x64x192)', ' -t f32'], 0, 1000, 2000, [1552507415062419000, 1552507415062419000, 1552507415062420000, 1552507415062421000], 1]}
tower_0/v/cg/dropout0_1/dropout/dropout/Shape	Const	{'/job:localhost/replica:0/task:0/device:GPU:0': [[' 0:(none)'], ['(2)', ' -t i32'], 0, 1000, 2000, [1552507415062149000, 1552507415062149000, 1552507415062150000, 1552507415062151000], 1]}
append_apply_gradient_ops/GradientDescent	NoOp	{'/job:localhost/replica:0/task:0/device:GPU:0': [[' 0:(none)'], ['(none)'], 1000, 2000, 3000, [1552507415212623000, 1552507415212624000, 1552507415212625000, 1552507415212626000], 1]}
append_apply_gradient_ops/GradientDescent/update_v/cg/affine1/weights/ApplyGradientDescent	ApplyGradientDescent	{'/device:GPU:0/stream:all': [['no inputs saved in stream'], ['no outputs saved in stream'], 0, 1282000, 1282000, [1552507415128280000, 1552507415128280000, 1552507415129562000, 1552507415129562000], 1], '/job:localhost/replica:0/task:0/device:GPU:0': [[' 0:', '(4096x4096)', ' 1:', '(1)', ' 2:', '(4096x4096)'], ['(4096x4096)', ' -t f32 -use_locking 0'], 0, 1298000, 1302000, [1552507415128268000, 1552507415128268000, 1552507415129566000, 1552507415129570000], 1]}
tower_0/v/gradients/AddN_9	AddN	{'/device:GPU:0/stream:all': [['no inputs saved in stream'], ['no outputs saved in stream'], 0, 103000, 103000, [1552507415175327000, 1552507415175327000, 1552507415175430000, 1552507415175430000], 1], '/job:localhost/replica:0/task:0/device:GPU:0': [[' 0:', '(3x3x384x384)', ' 1:', '(3x3x384x384)'], ['(3x3x384x384)', ' -N i: 2 -t f32'], 1000, 120000, 123000, [1552507415175315000, 1552507415175316000, 1552507415175435000, 1552507415175438000], 1]}
v/cg/conv4/conv2d/kernel	VariableV2	{'/job:localhost/replica:0/task:0/device:GPU:0': [[' 0:(none)'], ['(3x3x384x256)', ' -t f32'], 1000, 2000, 3000, [1552507415062217000, 1552507415062218000, 1552507415062219000, 1552507415062220000], 1]}
tower_0/v/gradients/AddN_11	AddN	{'/device:GPU:0/stream:all': [['no inputs saved in stream'], ['no outputs saved in stream'], 0, 52000, 52000, [1552507415188363000, 1552507415188363000, 1552507415188415000, 1552507415188415000], 1], '/job:localhost/replica:0/task:0/device:GPU:0': [[' 0:', '(3x3x192x384)', ' 1:', '(3x3x192x384)'], ['(3x3x192x384)', ' -N i: 2 -t f32'], 1000, 69000, 73000, [1552507415188351000, 1552507415188352000, 1552507415188420000, 1552507415188424000], 1]}
tower_0/v/l2_loss/L2Loss_3	L2Loss	{'/device:GPU:0/stream:all': [['no inputs saved in stream'], ['no outputs saved in stream'], 0, 2000, 2000, [1552507415070108000, 1552507415070108000, 1552507415070110000, 1552507415070110000], 1], '/job:localhost/replica:0/task:0/device:GPU:0': [[' 0:', '(192)'], ['(1)', ' -t f32'], 1000, 19000, 21000, [1552507415070095000, 1552507415070096000, 1552507415070114000, 1552507415070116000], 1]}
tower_0/v/gradients/tower_0/v/cg/Reshape_grad/Shape	Const	{'/job:localhost/replica:0/task:0/device:GPU:0': [[' 0:(none)'], ['(4)', ' -t i32'], 200, 700, 2000, [1552507415062175000, 1552507415062175200, 1552507415062175700, 1552507415062177000], 1]}
v/cg/conv0/conv2d/kernel	VariableV2	{'/job:localhost/replica:0/task:0/device:GPU:0': [[' 0:(none)'], ['(11x11x3x64)', ' -t f32'], 1000, 3000, 4000, [1552507415062185000, 1552507415062186000, 1552507415062188000, 1552507415062189000], 1]}
tower_0/v/cg/mpool1/MaxPool	MaxPool	{'/device:GPU:0/stream:all': [['no inputs saved in stream'], ['no outputs saved in stream'], 0, 1208000, 1208000, [1552507415091172000, 1552507415091172000, 1552507415092380000, 1552507415092380000], 1], '/job:localhost/replica:0/task:0/device:GPU:0': [[' 0:', '(128x192x27x27)'], ['(128x192x13x13)', ' -t f32 -data_format NHWC -ksize list { i: 1 i: 3 i: 3 i: 1} -strides 1 2 2 1'], 0, 1240000, 1244000, [1552507415091146000, 1552507415091146000, 1552507415092386000, 1552507415092390000], 1]}
tower_0/v/gradients/tower_0/v/cg/affine0/xw_plus_b_grad/BiasAddGrad	BiasAddGrad	{'/device:GPU:0/stream:all': [['no inputs saved in stream'], ['no outputs saved in stream'], 0, 24000, 24000, [1552507415129660000, 1552507415129660000, 1552507415129684000, 1552507415129684000], 1], '/job:localhost/replica:0/task:0/device:GPU:0': [[' 0:', '(128x4096)'], ['(4096)', ' -t f32 -data_format NHWC'], 0, 48000, 50000, [1552507415129641000, 1552507415129641000, 1552507415129689000, 1552507415129691000], 1]}
tower_0/v/cg/dropout0_1/dropout/dropout/random_uniform/RandomUniform	RandomUniform	{'/device:GPU:0/stream:all': [['no inputs saved in stream'], ['no outputs saved in stream'], 0, 19000, 19000, [1552507415062319000, 1552507415062319000, 1552507415062338000, 1552507415062338000], 1], '/job:localhost/replica:0/task:0/device:GPU:0': [[' 0:', '(2)'], ['(128x4096)', ' -t i32 -t f32 -seed i: 123 -seed2 i: 172'], 0, 40000, 42000, [1552507415062303000, 1552507415062303000, 1552507415062343000, 1552507415062345000], 1]}
tower_0/v/gradients/tower_0/v/cg/affine1/affine1_grad/ReluGrad	ReluGrad	{'/device:GPU:0/stream:all': [['no inputs saved in stream'], ['no outputs saved in stream'], 0, 42000, 42000, [1552507415123921000, 1552507415123921000, 1552507415123963000, 1552507415123963000], 1], '/job:localhost/replica:0/task:0/device:GPU:0': [[' 0:', '(128x4096)', ' 1:', '(128x4096)'], ['(128x4096)', ' -t f32'], 1000, 61000, 64000, [1552507415123908000, 1552507415123909000, 1552507415123969000, 1552507415123972000], 1]}
tower_0/v/xentropy/sparse_softmax_cross_entropy_loss/xentropy/xentropy	SparseSoftmaxCrossEntropyWithLogits	{'/device:GPU:0/stream:all': [['no inputs saved in stream'], ['no outputs saved in stream'], 0, 195000, 58000, [1552507415121879000, 1552507415121879000, 1552507415122166000, 1552507415122166000], 1], '/job:localhost/replica:0/task:0/device:GPU:0': [[' 0:', '(128x1001)', ' 1:', '(128)'], ['(128)', '(128x1001 slot 1 slot )', ' -t f32 -Tlabels i32'], 0, 311000, 315000, [1552507415121861000, 1552507415121861000, 1552507415122172000, 1552507415122176000], 1]}
tower_0/v/gradients/tower_0/v/cg/affine0/affine0_grad/ReluGrad	ReluGrad	{'/device:GPU:0/stream:all': [['no inputs saved in stream'], ['no outputs saved in stream'], 0, 43000, 43000, [1552507415129583000, 1552507415129583000, 1552507415129626000, 1552507415129626000], 1], '/job:localhost/replica:0/task:0/device:GPU:0': [[' 0:', '(128x4096)', ' 1:', '(128x4096)'], ['(128x4096)', ' -t f32'], 1000, 60000, 63000, [1552507415129571000, 1552507415129572000, 1552507415129631000, 1552507415129634000], 1]}
tower_0/v/gradients/tower_0/v/cg/affine0/xw_plus_b/MatMul_grad/MatMul	MatMul	{'/device:GPU:0/stream:all': [['no inputs saved in stream'], ['no outputs saved in stream'], 0, 2863000, 2863000, [1552507415132597000, 1552507415132597000, 1552507415135460000, 1552507415135460000], 1], '/job:localhost/replica:0/task:0/device:GPU:0': [[' 0:', '(128x4096)', ' 1:', '(9216x4096)'], ['(128x9216)', ' -t f32 -tr_a 0 -tr_b 1'], 1000, 2885000, 2889000, [1552507415132580000, 1552507415132581000, 1552507415135465000, 1552507415135469000], 1]}
tower_0/v/cg/conv4/BiasAdd	BiasAdd	{'/device:GPU:0/stream:all': [['no inputs saved in stream'], ['no outputs saved in stream'], 0, 371000, 371000, [1552507415115202000, 1552507415115202000, 1552507415115573000, 1552507415115573000], 1], '/job:localhost/replica:0/task:0/device:GPU:0': [[' 0:', '(128x256x13x13)', ' 1:', '(256)'], ['(128x256x13x13)', ' -t f32 -data_format NHWC'], 1000, 391000, 394000, [1552507415115187000, 1552507415115188000, 1552507415115578000, 1552507415115581000], 1]}
global_step	VariableV2	{'/job:localhost/replica:0/task:0/device:CPU:0': [[' 0:(none)'], ['(1)', ' -t i64'], 1000, 9000, 12000, [1552507415061985000, 1552507415061986000, 1552507415061994000, 1552507415061997000], 1]}
tower_0/v/gradients/tower_0/v/cg/conv1/BiasAdd_grad/BiasAddGrad	BiasAddGrad	{'/device:GPU:0/stream:all': [['no inputs saved in stream'], ['no outputs saved in stream'], 0, 452000, 443000, [1552507415194573000, 1552507415194573000, 1552507415195051000, 1552507415195051000], 1], '/job:localhost/replica:0/task:0/device:GPU:0': [[' 0:', '(128x192x27x27)'], ['(192)', ' -t f32 -data_format NHWC'], 1000, 508000, 511000, [1552507415194548000, 1552507415194549000, 1552507415195056000, 1552507415195059000], 1]}
tower_0/v/gradients/AddN	AddN	{'/device:GPU:0/stream:all': [['no inputs saved in stream'], ['no outputs saved in stream'], 0, 3000, 3000, [1552507415123103000, 1552507415123103000, 1552507415123106000, 1552507415123106000], 1], '/job:localhost/replica:0/task:0/device:GPU:0': [[' 0:', '(1001)', ' 1:', '(1001)'], ['(1001)', ' -N i: 2 -t f32'], 1000, 21000, 24000, [1552507415123089000, 1552507415123090000, 1552507415123110000, 1552507415123113000], 1]}
tower_0/v/cg/affine1/xw_plus_b	BiasAdd	{'/device:GPU:0/stream:all': [['no inputs saved in stream'], ['no outputs saved in stream'], 0, 31000, 31000, [1552507415121214000, 1552507415121214000, 1552507415121245000, 1552507415121245000], 1], '/job:localhost/replica:0/task:0/device:GPU:0': [[' 0:', '(128x4096)', ' 1:', '(4096)'], ['(128x4096)', ' -t f32 -data_format NHWC'], 0, 47000, 50000, [1552507415121202000, 1552507415121202000, 1552507415121249000, 1552507415121252000], 1]}
tower_0/v/gradients/tower_0/v/cg/conv4/BiasAdd_grad/BiasAddGrad	BiasAddGrad	{'/device:GPU:0/stream:all': [['no inputs saved in stream'], ['no outputs saved in stream'], 0, 154000, 145000, [1552507415149259000, 1552507415149259000, 1552507415149441000, 1552507415149441000], 1], '/job:localhost/replica:0/task:0/device:GPU:0': [[' 0:', '(128x256x13x13)'], ['(256)', ' -t f32 -data_format NHWC'], 0, 214000, 217000, [1552507415149233000, 1552507415149233000, 1552507415149447000, 1552507415149450000], 1]}
ConstantFolding/tower_0/v/cg/dropout0_1/dropout/dropout/div_recip	Const	{'/job:localhost/replica:0/task:0/device:GPU:0': [[' 0:(none)'], ['(1)'], 0, 1000, 3000, [1552507415062142000, 1552507415062142000, 1552507415062143000, 1552507415062145000], 1]}
tower_0/v/gradients/tower_0/v/cg/mpool2/MaxPool_grad/MaxPoolGrad-2-TransposeNHWCToNCHW-LayoutOptimizer	Transpose	{'/device:GPU:0/stream:all': [['no inputs saved in stream'], ['no outputs saved in stream'], 0, 77000, 77000, [1552507415141442000, 1552507415141442000, 1552507415141519000, 1552507415141519000], 1], '/job:localhost/replica:0/task:0/device:GPU:0': [[' 0:', '(128x6x6x256)', ' 1:', '(4)'], ['(128x256x6x6)'], 1000, 103000, 106000, [1552507415141422000, 1552507415141423000, 1552507415141525000, 1552507415141528000], 1]}
tower_0/v/l2_loss/L2Loss_10	L2Loss	{'/device:GPU:0/stream:all': [['no inputs saved in stream'], ['no outputs saved in stream'], 0, 920000, 917000, [1552507415064396000, 1552507415064396000, 1552507415065327000, 1552507415065327000], 1], '/job:localhost/replica:0/task:0/device:GPU:0': [[' 0:', '(9216x4096)'], ['(1)', ' -t f32'], 1000, 958000, 961000, [1552507415064374000, 1552507415064375000, 1552507415065332000, 1552507415065335000], 1]}
tower_0/v/cg/conv2/conv2d/Conv2D	Conv2D	{'/device:GPU:0/stream:all': [['no inputs saved in stream'], ['no outputs saved in stream'], 0, 5176000, 2989000, [1552507415092423000, 1552507415092423000, 1552507415097693000, 1552507415097693000], 1], '/job:localhost/replica:0/task:0/device:GPU:0': [[' 0:', '(128x192x13x13)', ' 1:', '(3x3x192x384)'], ['(128x384x13x13)', ' -t f32 -data_format NHWC -p s -cudnn 1'], 1000, 5300000, 5304000, [1552507415092403000, 1552507415092404000, 1552507415097703000, 1552507415097707000], 1]}
_SOURCE	NoOp	{'/job:localhost/replica:0/task:0/device:GPU:0': [[' 0:(none)'], ['(none)'], 3000, 7000, 134000, [1552507415061945000, 1552507415061948000, 1552507415061952000, 1552507415062079000], 1], '/job:localhost/replica:0/task:0/device:CPU:0': [[' 0:(none)'], ['(none)'], 1000, 2000, 4000, [1552507415061963000, 1552507415061964000, 1552507415061965000, 1552507415061967000], 1]}
tower_0/v/gradients/tower_0/v/l2_loss/L2Loss_11_grad/mul	Mul	{'/device:GPU:0/stream:all': [['no inputs saved in stream'], ['no outputs saved in stream'], 0, 2000, 2000, [1552507415064365000, 1552507415064365000, 1552507415064367000, 1552507415064367000], 1], '/job:localhost/replica:0/task:0/device:GPU:0': [[' 0:', '(4096)', ' 1:', '(1)'], ['(4096)', ' -t f32'], 1000, 19000, 21000, [1552507415064352000, 1552507415064353000, 1552507415064371000, 1552507415064373000], 1]}
v/cg/conv3/conv2d/kernel	VariableV2	{'/job:localhost/replica:0/task:0/device:GPU:0': [[' 0:(none)'], ['(3x3x384x384)', ' -t f32'], 0, 2000, 3000, [1552507415062209000, 1552507415062209000, 1552507415062211000, 1552507415062212000], 1]}
tower_0/v/gradients/tower_0/v/l2_loss/L2Loss_1_grad/mul	Mul	{'/device:GPU:0/stream:all': [['no inputs saved in stream'], ['no outputs saved in stream'], 0, 1000, 1000, [1552507415069997000, 1552507415069997000, 1552507415069998000, 1552507415069998000], 1], '/job:localhost/replica:0/task:0/device:GPU:0': [[' 0:', '(64)', ' 1:', '(1)'], ['(64)', ' -t f32'], 0, 19000, 22000, [1552507415069984000, 1552507415069984000, 1552507415070003000, 1552507415070006000], 1]}
v/cg/conv3/conv2d/kernel/read	Identity	{'/job:localhost/replica:0/task:0/device:GPU:0': [[' 0:', '(3x3x384x384)'], ['(3x3x384x384)', ' -t f32'], 0, 1000, 3000, [1552507415062432000, 1552507415062432000, 1552507415062433000, 1552507415062435000], 1]}
tower_0/v/l2_loss/L2Loss_14	L2Loss	{'/device:GPU:0/stream:all': [['no inputs saved in stream'], ['no outputs saved in stream'], 0, 110000, 106000, [1552507415062531000, 1552507415062531000, 1552507415062655000, 1552507415062655000], 1], '/job:localhost/replica:0/task:0/device:GPU:0': [[' 0:', '(4096x1001)'], ['(1)', ' -t f32'], 0, 158000, 161000, [1552507415062503000, 1552507415062503000, 1552507415062661000, 1552507415062664000], 1]}
tower_0/v/gradients/tower_0/v/cg/mpool2/MaxPool_grad/MaxPoolGrad	MaxPoolGrad	{'/device:GPU:0/stream:all': [['no inputs saved in stream'], ['no outputs saved in stream'], 0, 816000, 816000, [1552507415141563000, 1552507415141563000, 1552507415142379000, 1552507415142379000], 1], '/job:localhost/replica:0/task:0/device:GPU:0': [[' 0:', '(128x256x13x13)', ' 1:', '(128x256x6x6)', ' 2:', '(128x256x6x6)'], ['(128x256x13x13)', ' -t f32 -data_format NHWC -ksize list { i: 1 i: 3 i: 3 i: 1} -strides 1 2 2 1'], 0, 853000, 858000, [1552507415141533000, 1552507415141533000, 1552507415142386000, 1552507415142391000], 1]}
tower_0/v/cg/conv1/BiasAdd	BiasAdd	{'/device:GPU:0/stream:all': [['no inputs saved in stream'], ['no outputs saved in stream'], 0, 1196000, 1196000, [1552507415088979000, 1552507415088979000, 1552507415090175000, 1552507415090175000], 1], '/job:localhost/replica:0/task:0/device:GPU:0': [[' 0:', '(128x192x27x27)', ' 1:', '(192)'], ['(128x192x27x27)', ' -t f32 -data_format NHWC'], 2000, 1223000, 1226000, [1552507415088957000, 1552507415088959000, 1552507415090180000, 1552507415090183000], 1]}
tower_0/v/gradients/tower_0/v/cg/dropout0/dropout/dropout/div_grad/RealDiv	Mul	{'/device:GPU:0/stream:all': [['no inputs saved in stream'], ['no outputs saved in stream'], 0, 41000, 41000, [1552507415128183000, 1552507415128183000, 1552507415128224000, 1552507415128224000], 1], '/job:localhost/replica:0/task:0/device:GPU:0': [[' 0:', '(128x4096)', ' 1:', '(128x4096)'], ['(128x4096)', ' -t f32'], 0, 60000, 63000, [1552507415128170000, 1552507415128170000, 1552507415128230000, 1552507415128233000], 1]}
tower_0/v/gradients/AddN_14	AddN	{'/device:GPU:0/stream:all': [['no inputs saved in stream'], ['no outputs saved in stream'], 0, 2000, 2000, [1552507415212538000, 1552507415212538000, 1552507415212540000, 1552507415212540000], 1], '/job:localhost/replica:0/task:0/device:GPU:0': [[' 0:', '(64)', ' 1:', '(64)'], ['(64)', ' -N i: 2 -t f32'], 1000, 21000, 24000, [1552507415212523000, 1552507415212524000, 1552507415212544000, 1552507415212547000], 1]}
append_apply_gradient_ops/GradientDescent/update_v/cg/conv0/conv2d/kernel/ApplyGradientDescent	ApplyGradientDescent	{'/device:GPU:0/stream:all': [['no inputs saved in stream'], ['no outputs saved in stream'], 0, 3000, 3000, [1552507415212610000, 1552507415212610000, 1552507415212613000, 1552507415212613000], 1], '/job:localhost/replica:0/task:0/device:GPU:0': [[' 0:', '(11x11x3x64)', ' 1:', '(1)', ' 2:', '(11x11x3x64)'], ['(11x11x3x64)', ' -t f32 -use_locking 0'], 1000, 19000, 23000, [1552507415212599000, 1552507415212600000, 1552507415212618000, 1552507415212622000], 1]}
tower_0/v/cg/Reshape	Reshape	{'/job:localhost/replica:0/task:0/device:GPU:0': [[' 0:', '(128x6x6x256)', ' 1:', '(2)'], ['(128x9216)', ' -t f32 -Tshape i32'], 0, 3000, 5000, [1552507415116311000, 1552507415116311000, 1552507415116314000, 1552507415116316000], 1]}
v/cg/conv4/biases	VariableV2	{'/job:localhost/replica:0/task:0/device:GPU:0': [[' 0:(none)'], ['(256)', ' -t f32'], 0, 2000, 3000, [1552507415062221000, 1552507415062221000, 1552507415062223000, 1552507415062224000], 1]}
tower_0/v/cg/dropout0_1/dropout/dropout/add	Add	{'/device:GPU:0/stream:all': [['no inputs saved in stream'], ['no outputs saved in stream'], 0, 29000, 29000, [1552507415070733000, 1552507415070733000, 1552507415070762000, 1552507415070762000], 1], '/job:localhost/replica:0/task:0/device:GPU:0': [[' 0:', '(1)', ' 1:', '(128x4096)'], ['(128x4096)', ' -t f32'], 0, 48000, 51000, [1552507415070719000, 1552507415070719000, 1552507415070767000, 1552507415070770000], 1]}
v/cg/conv0/biases	VariableV2	{'/job:localhost/replica:0/task:0/device:GPU:0': [[' 0:(none)'], ['(64)', ' -t f32'], 0, 1000, 3000, [1552507415062190000, 1552507415062190000, 1552507415062191000, 1552507415062193000], 1]}
tower_0/v/alexnet_synthetic_labels/shape	Const	{'/job:localhost/replica:0/task:0/device:GPU:0': [[' 0:(none)'], ['(1)', ' -t i32'], 0, 1000, 2000, [1552507415062128000, 1552507415062128000, 1552507415062129000, 1552507415062130000], 1]}
tower_0/v/gradients/tower_0/v/cg/conv4/conv2d/Conv2D_grad/Conv2DBackpropInput-0-LayoutOptimizer	Const	{'/job:localhost/replica:0/task:0/device:GPU:0': [[' 0:(none)'], ['(4)'], 0, 1000, 3000, [1552507415108813000, 1552507415108813000, 1552507415108814000, 1552507415108816000], 1]}
tower_0/v/gradients/tower_0/v/cg/dropout0_1/dropout/dropout/mul_grad/Mul	Mul	{'/device:GPU:0/stream:all': [['no inputs saved in stream'], ['no outputs saved in stream'], 0, 29000, 29000, [1552507415079090000, 1552507415079090000, 1552507415079119000, 1552507415079119000], 1], '/job:localhost/replica:0/task:0/device:GPU:0': [[' 0:', '(1)', ' 1:', '(128x4096)'], ['(128x4096)', ' -t f32'], 1000, 49000, 52000, [1552507415079076000, 1552507415079077000, 1552507415079125000, 1552507415079128000], 1]}
tower_0/v/gradients/tower_0/v/cg/conv3/BiasAdd_grad/BiasAddGrad	BiasAddGrad	{'/device:GPU:0/stream:all': [['no inputs saved in stream'], ['no outputs saved in stream'], 0, 226000, 215000, [1552507415165316000, 1552507415165316000, 1552507415165567000, 1552507415165567000], 1], '/job:localhost/replica:0/task:0/device:GPU:0': [[' 0:', '(128x384x13x13)'], ['(384)', ' -t f32 -data_format NHWC'], 1000, 281000, 284000, [1552507415165292000, 1552507415165293000, 1552507415165573000, 1552507415165576000], 1]}
v/cg/conv4/biases/read	Identity	{'/job:localhost/replica:0/task:0/device:GPU:0': [[' 0:', '(256)'], ['(256)', ' -t f32'], 0, 1000, 2000, [1552507415062442000, 1552507415062442000, 1552507415062443000, 1552507415062444000], 1]}
tower_0/v/gradients/tower_0/v/cg/dropout0/dropout/dropout/mul_grad/Mul	Mul	{'/device:GPU:0/stream:all': [['no inputs saved in stream'], ['no outputs saved in stream'], 0, 28000, 28000, [1552507415079146000, 1552507415079146000, 1552507415079174000, 1552507415079174000], 1], '/job:localhost/replica:0/task:0/device:GPU:0': [[' 0:', '(1)', ' 1:', '(128x4096)'], ['(128x4096)', ' -t f32'], 0, 46000, 49000, [1552507415079132000, 1552507415079132000, 1552507415079178000, 1552507415079181000], 1]}
tower_0/v/gradients/tower_0/v/cg/affine2/xw_plus_b_grad/BiasAddGrad	BiasAddGrad	{'/device:GPU:0/stream:all': [['no inputs saved in stream'], ['no outputs saved in stream'], 0, 5000, 5000, [1552507415122272000, 1552507415122272000, 1552507415122277000, 1552507415122277000], 1], '/job:localhost/replica:0/task:0/device:GPU:0': [[' 0:', '(128x1001)'], ['(1001)', ' -t f32 -data_format NHWC'], 0, 36000, 39000, [1552507415122246000, 1552507415122246000, 1552507415122282000, 1552507415122285000], 1]}
gpu_compute_stage_ops_group	NoOp	{'/job:localhost/replica:0/task:0/device:GPU:0': [[' 0:(none)'], ['(none)'], 0, 1000, 2000, [1552507415062085000, 1552507415062085000, 1552507415062086000, 1552507415062087000], 1]}
tower_0/v/l2_loss/L2Loss_5	L2Loss	{'/device:GPU:0/stream:all': [['no inputs saved in stream'], ['no outputs saved in stream'], 0, 3000, 3000, [1552507415070282000, 1552507415070282000, 1552507415070285000, 1552507415070285000], 1], '/job:localhost/replica:0/task:0/device:GPU:0': [[' 0:', '(384)'], ['(1)', ' -t f32'], 1000, 19000, 21000, [1552507415070270000, 1552507415070271000, 1552507415070289000, 1552507415070291000], 1]}
v/cg/affine0/weights	VariableV2	{'/job:localhost/replica:0/task:0/device:GPU:0': [[' 0:(none)'], ['(9216x4096)', ' -t f32'], 1000, 2000, 4000, [1552507415062171000, 1552507415062172000, 1552507415062173000, 1552507415062175000], 1]}
tower_0/v/cg/conv4/conv2d/Conv2D	Conv2D	{'/device:GPU:0/stream:all': [['no inputs saved in stream'], ['no outputs saved in stream'], 0, 6271000, 4330000, [1552507415108836000, 1552507415108836000, 1552507415115171000, 1552507415115171000], 1], '/job:localhost/replica:0/task:0/device:GPU:0': [[' 0:', '(128x384x13x13)', ' 1:', '(3x3x384x256)'], ['(128x256x13x13)', ' -t f32 -data_format NHWC -p s -cudnn 1'], 0, 6359000, 6363000, [1552507415108820000, 1552507415108820000, 1552507415115179000, 1552507415115183000], 1]}
append_apply_gradient_ops/GradientDescent/update_v/cg/conv0/biases/ApplyGradientDescent	ApplyGradientDescent	{'/device:GPU:0/stream:all': [['no inputs saved in stream'], ['no outputs saved in stream'], 0, 3000, 3000, [1552507415212586000, 1552507415212586000, 1552507415212589000, 1552507415212589000], 1], '/job:localhost/replica:0/task:0/device:GPU:0': [[' 0:', '(64)', ' 1:', '(1)', ' 2:', '(64)'], ['(64)', ' -t f32 -use_locking 0'], 0, 19000, 23000, [1552507415212574000, 1552507415212574000, 1552507415212593000, 1552507415212597000], 1]}
tower_0/v/gradients/tower_0/v/cg/conv1/Relu_grad/ReluGrad	ReluGrad	{'/device:GPU:0/stream:all': [['no inputs saved in stream'], ['no outputs saved in stream'], 0, 1386000, 1386000, [1552507415188438000, 1552507415188438000, 1552507415189824000, 1552507415189824000], 1], '/job:localhost/replica:0/task:0/device:GPU:0': [[' 0:', '(128x192x27x27)', ' 1:', '(128x192x27x27)'], ['(128x192x27x27)', ' -t f32'], 0, 1403000, 1407000, [1552507415188426000, 1552507415188426000, 1552507415189829000, 1552507415189833000], 1]}
_retval_inc_global_step/AssignAdd_0_1	_Retval	{'/job:localhost/replica:0/task:0/device:CPU:0': [[' 0:', '(1)'], ['(none)'], 200, 700, 3000, [1552507415212746000, 1552507415212746200, 1552507415212746700, 1552507415212749000], 1]}
tower_0/v/cg/conv3/BiasAdd	BiasAdd	{'/device:GPU:0/stream:all': [['no inputs saved in stream'], ['no outputs saved in stream'], 0, 549000, 549000, [1552507415107800000, 1552507415107800000, 1552507415108349000, 1552507415108349000], 1], '/job:localhost/replica:0/task:0/device:GPU:0': [[' 0:', '(128x384x13x13)', ' 1:', '(384)'], ['(128x384x13x13)', ' -t f32 -data_format NHWC'], 1000, 569000, 572000, [1552507415107785000, 1552507415107786000, 1552507415108354000, 1552507415108357000], 1]}
tower_0/v/gradients/AddN_15	AddN	{'/device:GPU:0/stream:all': [['no inputs saved in stream'], ['no outputs saved in stream'], 0, 3000, 3000, [1552507415212561000, 1552507415212561000, 1552507415212564000, 1552507415212564000], 1], '/job:localhost/replica:0/task:0/device:GPU:0': [[' 0:', '(11x11x3x64)', ' 1:', '(11x11x3x64)'], ['(11x11x3x64)', ' -N i: 2 -t f32'], 0, 19000, 22000, [1552507415212550000, 1552507415212550000, 1552507415212569000, 1552507415212572000], 1]}
tower_0/v/cg/dropout0/dropout/dropout/Floor	Floor	{'/device:GPU:0/stream:all': [['no inputs saved in stream'], ['no outputs saved in stream'], 0, 30000, 30000, [1552507415077348000, 1552507415077348000, 1552507415077378000, 1552507415077378000], 1], '/job:localhost/replica:0/task:0/device:GPU:0': [[' 0:', '(128x4096)'], ['(128x4096)', ' -t f32'], 0, 45000, 47000, [1552507415077337000, 1552507415077337000, 1552507415077382000, 1552507415077384000], 1]}
main_fetch_group	NoOp	{'/job:localhost/replica:0/task:0/device:GPU:0': [[' 0:(none)'], ['(none)'], 0, 1000, 2000, [1552507415212630000, 1552507415212630000, 1552507415212631000, 1552507415212632000], 1]}
v/cg/affine1/biases/read	Identity	{'/job:localhost/replica:0/task:0/device:GPU:0': [[' 0:', '(4096)'], ['(4096)', ' -t f32'], 1000, 2000, 3000, [1552507415062393000, 1552507415062394000, 1552507415062395000, 1552507415062396000], 1]}
tower_0/v/gradients/tower_0/v/cg/conv3/conv2d/Conv2D_grad/Conv2DBackpropInput	Conv2DBackpropInput	{'/device:GPU:0/stream:all': [['no inputs saved in stream'], ['no outputs saved in stream'], 0, 8748000, 6283000, [1552507415156463000, 1552507415156463000, 1552507415165273000, 1552507415165273000], 1], '/job:localhost/replica:0/task:0/device:GPU:0': [[' 0:', '(4)', ' 1:', '(3x3x384x384)', ' 2:', '(128x384x13x13)'], ['(128x384x13x13)', ' -t f32 -data_format NHWC -p s -cudnn 1'], 0, 8837000, 8840000, [1552507415156446000, 1552507415156446000, 1552507415165283000, 1552507415165286000], 1]}
tower_0/v/cg/dropout0_1/dropout/dropout/keep_prob	Const	{'/job:localhost/replica:0/task:0/device:GPU:0': [[' 0:(none)'], ['(1)', ' -t f32'], 0, 1000, 2000, [1552507415062146000, 1552507415062146000, 1552507415062147000, 1552507415062148000], 1]}
tower_0/v/l2_loss/L2Loss_9	L2Loss	{'/device:GPU:0/stream:all': [['no inputs saved in stream'], ['no outputs saved in stream'], 0, 3000, 3000, [1552507415070686000, 1552507415070686000, 1552507415070689000, 1552507415070689000], 1], '/job:localhost/replica:0/task:0/device:GPU:0': [[' 0:', '(256)'], ['(1)', ' -t f32'], 1000, 19000, 21000, [1552507415070674000, 1552507415070675000, 1552507415070693000, 1552507415070695000], 1]}
PermConstNCHWToNHWC-LayoutOptimizer	Const	{'/job:localhost/replica:0/task:0/device:GPU:0': [[' 0:(none)'], ['(4)'], 0, 1000, 3000, [1552507415062161000, 1552507415062161000, 1552507415062162000, 1552507415062164000], 1]}
v/cg/conv2/conv2d/kernel	VariableV2	{'/job:localhost/replica:0/task:0/device:GPU:0': [[' 0:(none)'], ['(3x3x192x384)', ' -t f32'], 0, 2000, 3000, [1552507415062201000, 1552507415062201000, 1552507415062203000, 1552507415062204000], 1]}
tower_0/v/gradients/tower_0/v/cg/conv3/conv2d/Conv2D_grad/Conv2DBackpropInput-0-LayoutOptimizer	Const	{'/job:localhost/replica:0/task:0/device:GPU:0': [[' 0:(none)'], ['(4)'], 0, 2000, 3000, [1552507415098750000, 1552507415098750000, 1552507415098752000, 1552507415098753000], 1]}
tower_0/v/xentropy/sparse_softmax_cross_entropy_loss/zeros_like	Const	{'/job:localhost/replica:0/task:0/device:GPU:0': [[' 0:(none)'], ['(1)', ' -t f32'], 0, 1000, 3000, [1552507415062104000, 1552507415062104000, 1552507415062105000, 1552507415062107000], 1]}
tower_0/v/cg/conv0/conv2d/Conv2D	Conv2D	{'/device:GPU:0/stream:all': [['no inputs saved in stream'], ['no outputs saved in stream'], 0, 6298000, 6289000, [1552507415070844000, 1552507415070844000, 1552507415077204000, 1552507415077204000], 1], '/job:localhost/replica:0/task:0/device:GPU:0': [[' 0:', '(128x3x227x227)', ' 1:', '(11x11x3x64)'], ['(128x64x55x55)', ' -t f32 -data_format NHWC -strides list { i: 1 i: 4 i: 4 i: 1} -cudnn 1'], 1000, 6396000, 6400000, [1552507415070821000, 1552507415070822000, 1552507415077217000, 1552507415077221000], 1]}
tower_0/v/gradients/tower_0/v/cg/conv2/Relu_grad/ReluGrad	ReluGrad	{'/device:GPU:0/stream:all': [['no inputs saved in stream'], ['no outputs saved in stream'], 0, 641000, 641000, [1552507415174638000, 1552507415174638000, 1552507415175279000, 1552507415175279000], 1], '/job:localhost/replica:0/task:0/device:GPU:0': [[' 0:', '(128x384x13x13)', ' 1:', '(128x384x13x13)'], ['(128x384x13x13)', ' -t f32'], 0, 657000, 661000, [1552507415174626000, 1552507415174626000, 1552507415175283000, 1552507415175287000], 1]}
tower_0/v/cg/mpool2/MaxPool-1-0-TransposeNCHWToNHWC-LayoutOptimizer	Transpose	{'/device:GPU:0/stream:all': [['no inputs saved in stream'], ['no outputs saved in stream'], 0, 76000, 76000, [1552507415116223000, 1552507415116223000, 1552507415116299000, 1552507415116299000], 1], '/job:localhost/replica:0/task:0/device:GPU:0': [[' 0:', '(128x256x6x6)', ' 1:', '(4)'], ['(128x6x6x256)'], 1000, 101000, 103000, [1552507415116204000, 1552507415116205000, 1552507415116305000, 1552507415116307000], 1]}
v/cg/conv4/conv2d/kernel/read	Identity	{'/job:localhost/replica:0/task:0/device:GPU:0': [[' 0:', '(3x3x384x256)'], ['(3x3x384x256)', ' -t f32'], 1000, 2000, 3000, [1552507415062438000, 1552507415062439000, 1552507415062440000, 1552507415062441000], 1]}
tower_0/v/gradients/tower_0/v/xentropy/sparse_softmax_cross_entropy_loss/xentropy/xentropy_grad/mul	Mul	{'/device:GPU:0/stream:all': [['no inputs saved in stream'], ['no outputs saved in stream'], 0, 5000, 5000, [1552507415122198000, 1552507415122198000, 1552507415122203000, 1552507415122203000], 1], '/job:localhost/replica:0/task:0/device:GPU:0': [[' 0:', '(128)', ' 1:', '(128x1001)'], ['(128x1001)', ' -t f32'], 1000, 26000, 28000, [1552507415122183000, 1552507415122184000, 1552507415122209000, 1552507415122211000], 1]}
append_apply_gradient_ops/GradientDescent/update_v/cg/conv2/conv2d/kernel/ApplyGradientDescent	ApplyGradientDescent	{'/device:GPU:0/stream:all': [['no inputs saved in stream'], ['no outputs saved in stream'], 0, 53000, 53000, [1552507415189872000, 1552507415189872000, 1552507415189925000, 1552507415189925000], 1], '/job:localhost/replica:0/task:0/device:GPU:0': [[' 0:', '(3x3x192x384)', ' 1:', '(1)', ' 2:', '(3x3x192x384)'], ['(3x3x192x384)', ' -t f32 -use_locking 0'], 1000, 69000, 73000, [1552507415189860000, 1552507415189861000, 1552507415189929000, 1552507415189933000], 1]}
tower_0/v/gradients/tower_0/v/l2_loss/L2Loss_4_grad/mul	Mul	{'/device:GPU:0/stream:all': [['no inputs saved in stream'], ['no outputs saved in stream'], 0, 31000, 31000, [1552507415070227000, 1552507415070227000, 1552507415070258000, 1552507415070258000], 1], '/job:localhost/replica:0/task:0/device:GPU:0': [[' 0:', '(3x3x192x384)', ' 1:', '(1)'], ['(3x3x192x384)', ' -t f32'], 0, 50000, 53000, [1552507415070214000, 1552507415070214000, 1552507415070264000, 1552507415070267000], 1]}
append_apply_gradient_ops/GradientDescent/update_v/cg/conv4/biases/ApplyGradientDescent	ApplyGradientDescent	{'/device:GPU:0/stream:all': [['no inputs saved in stream'], ['no outputs saved in stream'], 0, 3000, 3000, [1552507415174524000, 1552507415174524000, 1552507415174527000, 1552507415174527000], 1], '/job:localhost/replica:0/task:0/device:GPU:0': [[' 0:', '(256)', ' 1:', '(1)', ' 2:', '(256)'], ['(256)', ' -t f32 -use_locking 0'], 0, 22000, 26000, [1552507415174510000, 1552507415174510000, 1552507415174532000, 1552507415174536000], 1]}
PermConstNHWCToNCHW-LayoutOptimizer	Const	{'/job:localhost/replica:0/task:0/device:GPU:0': [[' 0:(none)'], ['(4)'], 0, 1000, 2000, [1552507415062183000, 1552507415062183000, 1552507415062184000, 1552507415062185000], 1]}
ConstantFolding/tower_0/v/gradients/tower_0/v/cg/conv0/conv2d/Conv2D_grad/ShapeN-matshapes-1	ShapeN-matshapes-1	{'/job:localhost/replica:0/task:0/device:GPU:0': [[' 0:', '(11x11x3x64)', ' 1:', '(128x227x227x3)'], ['(4)'], 0, 2000, 4000, [1552507415069956000, 1552507415069956000, 1552507415069958000, 1552507415069960000], 1]}
v/cg/conv2/biases/read	Identity	{'/job:localhost/replica:0/task:0/device:GPU:0': [[' 0:', '(384)'], ['(384)', ' -t f32'], 200, 700, 2000, [1552507415062429000, 1552507415062429200, 1552507415062429700, 1552507415062431000], 1]}
tower_0/v/gradients/tower_0/v/cg/Reshape_grad/Reshape	Reshape	{'/job:localhost/replica:0/task:0/device:GPU:0': [[' 0:', '(128x9216)', ' 1:', '(4)'], ['(128x6x6x256)', ' -t f32 -Tshape i32'], 0, 2000, 4000, [1552507415138481000, 1552507415138481000, 1552507415138483000, 1552507415138485000], 1]}
tower_0/v/gradients/tower_0/v/cg/conv2/conv2d/Conv2D_grad/Conv2DBackpropInput	Conv2DBackpropInput	{'/device:GPU:0/stream:all': [['no inputs saved in stream'], ['no outputs saved in stream'], 0, 5016000, 2988000, [1552507415175460000, 1552507415175460000, 1552507415180551000, 1552507415180551000], 1], '/job:localhost/replica:0/task:0/device:GPU:0': [[' 0:', '(4)', ' 1:', '(3x3x192x384)', ' 2:', '(128x384x13x13)'], ['(128x192x13x13)', ' -t f32 -data_format NHWC -p s -cudnn 1'], 1000, 5120000, 5124000, [1552507415175440000, 1552507415175441000, 1552507415180560000, 1552507415180564000], 1]}
tower_0/v/gradients/tower_0/v/cg/conv0/BiasAdd_grad/BiasAddGrad	BiasAddGrad	{'/device:GPU:0/stream:all': [['no inputs saved in stream'], ['no outputs saved in stream'], 0, 613000, 608000, [1552507415204525000, 1552507415204525000, 1552507415205167000, 1552507415205167000], 1], '/job:localhost/replica:0/task:0/device:GPU:0': [[' 0:', '(128x64x55x55)'], ['(64)', ' -t f32 -data_format NHWC'], 0, 677000, 680000, [1552507415204495000, 1552507415204495000, 1552507415205172000, 1552507415205175000], 1]}
tower_0/v/cg/dropout0_1/dropout/dropout/random_uniform/mul	Snapshot	{'/job:localhost/replica:0/task:0/device:GPU:0': [[' 0:', '(128x4096)'], ['(128x4096)', ' -t f32'], 1000, 3000, 4000, [1552507415062902000, 1552507415062903000, 1552507415062905000, 1552507415062906000], 1]}
tower_0/v/gradients/tower_0/v/l2_loss/L2Loss_3_grad/mul	Mul	{'/device:GPU:0/stream:all': [['no inputs saved in stream'], ['no outputs saved in stream'], 0, 1000, 1000, [1552507415070130000, 1552507415070130000, 1552507415070131000, 1552507415070131000], 1], '/job:localhost/replica:0/task:0/device:GPU:0': [[' 0:', '(192)', ' 1:', '(1)'], ['(192)', ' -t f32'], 1000, 19000, 21000, [1552507415070117000, 1552507415070118000, 1552507415070136000, 1552507415070138000], 1]}
average_loss/Mean/input	ExpandDims	{'/job:localhost/replica:0/task:0/device:GPU:0': [[' 0:', '(1)', ' 1:', '(1)'], ['(1)', ' -N i: 1 -t f32 -axis i: 0'], 1000, 3000, 5000, [1552507415128235000, 1552507415128236000, 1552507415128238000, 1552507415128240000], 1]}
tower_0/v/gradients/tower_0/v/l2_loss/L2Loss_6_grad/mul	Mul	{'/device:GPU:0/stream:all': [['no inputs saved in stream'], ['no outputs saved in stream'], 0, 65000, 65000, [1552507415070414000, 1552507415070414000, 1552507415070479000, 1552507415070479000], 1], '/job:localhost/replica:0/task:0/device:GPU:0': [[' 0:', '(3x3x384x384)', ' 1:', '(1)'], ['(3x3x384x384)', ' -t f32'], 0, 84000, 87000, [1552507415070400000, 1552507415070400000, 1552507415070484000, 1552507415070487000], 1]}
tower_0/v/l2_loss/L2Loss	L2Loss	{'/device:GPU:0/stream:all': [['no inputs saved in stream'], ['no outputs saved in stream'], 0, 6000, 4000, [1552507415069894000, 1552507415069894000, 1552507415069915000, 1552507415069915000], 1], '/job:localhost/replica:0/task:0/device:GPU:0': [[' 0:', '(11x11x3x64)'], ['(1)', ' -t f32'], 1000, 441000, 444000, [1552507415069480000, 1552507415069481000, 1552507415069921000, 1552507415069924000], 1]}
v/cg/affine2/weights	VariableV2	{'/job:localhost/replica:0/task:0/device:GPU:0': [[' 0:(none)'], ['(4096x1001)', ' -t f32'], 1000, 3000, 4000, [1552507415062137000, 1552507415062138000, 1552507415062140000, 1552507415062141000], 1]}
tower_0/v/cg/affine0/xw_plus_b/MatMul	MatMul	{'/device:GPU:0/stream:all': [['no inputs saved in stream'], ['no outputs saved in stream'], 0, 3166000, 3166000, [1552507415116344000, 1552507415116344000, 1552507415119510000, 1552507415119510000], 1], '/job:localhost/replica:0/task:0/device:GPU:0': [[' 0:', '(128x9216)', ' 1:', '(9216x4096)'], ['(128x4096)', ' -t f32 -tr_a 0 -tr_b 0'], 0, 3199000, 3202000, [1552507415116318000, 1552507415116318000, 1552507415119517000, 1552507415119520000], 1]}
tower_0/v/gradients/tower_0/v/cg/affine1/xw_plus_b/MatMul_grad/MatMul	MatMul	{'/device:GPU:0/stream:all': [['no inputs saved in stream'], ['no outputs saved in stream'], 0, 1437000, 1437000, [1552507415125392000, 1552507415125392000, 1552507415126829000, 1552507415126829000], 1], '/job:localhost/replica:0/task:0/device:GPU:0': [[' 0:', '(128x4096)', ' 1:', '(4096x4096)'], ['(128x4096)', ' -t f32 -tr_a 0 -tr_b 1'], 0, 1458000, 1461000, [1552507415125377000, 1552507415125377000, 1552507415126835000, 1552507415126838000], 1]}
tower_0/v/cg/dropout0/dropout/dropout/add	Add	{'/device:GPU:0/stream:all': [['no inputs saved in stream'], ['no outputs saved in stream'], 0, 28000, 28000, [1552507415070784000, 1552507415070784000, 1552507415070812000, 1552507415070812000], 1], '/job:localhost/replica:0/task:0/device:GPU:0': [[' 0:', '(1)', ' 1:', '(128x4096)'], ['(128x4096)', ' -t f32'], 1000, 46000, 48000, [1552507415070771000, 1552507415070772000, 1552507415070817000, 1552507415070819000], 1]}
tower_0/v/l2_loss/L2Loss_1	L2Loss	{'/device:GPU:0/stream:all': [['no inputs saved in stream'], ['no outputs saved in stream'], 0, 2000, 2000, [1552507415069975000, 1552507415069975000, 1552507415069977000, 1552507415069977000], 1], '/job:localhost/replica:0/task:0/device:GPU:0': [[' 0:', '(64)'], ['(1)', ' -t f32'], 1000, 19000, 21000, [1552507415069961000, 1552507415069962000, 1552507415069980000, 1552507415069982000], 1]}
tower_0/v/gradients/tower_0/v/cg/conv4/conv2d/Conv2D_grad/Conv2DBackpropFilter	Conv2DBackpropFilter	{'/device:GPU:0/stream:all': [['no inputs saved in stream'], ['no outputs saved in stream'], 0, 6101000, 3946000, [1552507415149490000, 1552507415149490000, 1552507415155646000, 1552507415155646000], 1], '/job:localhost/replica:0/task:0/device:GPU:0': [[' 0:', '(128x384x13x13)', ' 1:', '(4)', ' 2:', '(128x256x13x13)'], ['(3x3x384x256)', ' -t f32 -data_format NHWC -p s -cudnn 1'], 0, 6198000, 6203000, [1552507415149455000, 1552507415149455000, 1552507415155653000, 1552507415155658000], 1]}
tower_0/v/cg/mpool2/MaxPool	MaxPool	{'/device:GPU:0/stream:all': [['no inputs saved in stream'], ['no outputs saved in stream'], 0, 275000, 275000, [1552507415115916000, 1552507415115916000, 1552507415116191000, 1552507415116191000], 1], '/job:localhost/replica:0/task:0/device:GPU:0': [[' 0:', '(128x256x13x13)'], ['(128x256x6x6)', ' -t f32 -data_format NHWC -ksize list { i: 1 i: 3 i: 3 i: 1} -strides 1 2 2 1'], 0, 302000, 305000, [1552507415115896000, 1552507415115896000, 1552507415116198000, 1552507415116201000], 1]}
tower_0/v/gradients/AddN_4	AddN	{'/device:GPU:0/stream:all': [['no inputs saved in stream'], ['no outputs saved in stream'], 0, 2000, 2000, [1552507415135555000, 1552507415135555000, 1552507415135557000, 1552507415135557000], 1], '/job:localhost/replica:0/task:0/device:GPU:0': [[' 0:', '(4096)', ' 1:', '(4096)'], ['(4096)', ' -N i: 2 -t f32'], 0, 30000, 35000, [1552507415135534000, 1552507415135534000, 1552507415135564000, 1552507415135569000], 1]}
tower_0/v/add	Add	{'/device:GPU:0/stream:all': [['no inputs saved in stream'], ['no outputs saved in stream'], 0, 3000, 3000, [1552507415123990000, 1552507415123990000, 1552507415123993000, 1552507415123993000], 1], '/job:localhost/replica:0/task:0/device:GPU:0': [[' 0:', '(1)', ' 1:', '(1)'], ['(1)', ' -t f32'], 0, 22000, 26000, [1552507415123975000, 1552507415123975000, 1552507415123997000, 1552507415124001000], 1]}
tower_0/v/xentropy/sparse_softmax_cross_entropy_loss/Sum	Sum	{'/device:GPU:0/stream:all': [['no inputs saved in stream'], ['no outputs saved in stream'], 0, 3000, 3000, [1552507415122232000, 1552507415122232000, 1552507415122235000, 1552507415122235000], 1], '/job:localhost/replica:0/task:0/device:GPU:0': [[' 0:', '(128)', ' 1:', '(1)'], ['(1)', ' -t f32 -Tidx i32 -keep_dims b: 0'], 0, 26000, 30000, [1552507415122214000, 1552507415122214000, 1552507415122240000, 1552507415122244000], 1]}
tower_0/v/gradients/tower_0/v/cg/conv1/conv2d/Conv2D_grad/Conv2DBackpropInput	Conv2DBackpropInput	{'/device:GPU:0/stream:all': [['no inputs saved in stream'], ['no outputs saved in stream'], 0, 4484000, 1928000, [1552507415189952000, 1552507415189952000, 1552507415194517000, 1552507415194517000], 1], '/job:localhost/replica:0/task:0/device:GPU:0': [[' 0:', '(4)', ' 1:', '(5x5x64x192)', ' 2:', '(128x192x27x27)'], ['(128x64x27x27)', ' -t f32 -data_format NHWC -p s -cudnn 1'], 1000, 4604000, 4608000, [1552507415189934000, 1552507415189935000, 1552507415194538000, 1552507415194542000], 1]}
learning_rate_tensor/input	Const	{'/job:localhost/replica:0/task:0/device:GPU:0': [[' 0:(none)'], ['(1)', ' -t f32'], 1000, 2000, 4000, [1552507415062107000, 1552507415062108000, 1552507415062109000, 1552507415062111000], 1]}
tower_0/v/cg/conv4/Relu	Relu	{'/device:GPU:0/stream:all': [['no inputs saved in stream'], ['no outputs saved in stream'], 0, 291000, 291000, [1552507415115595000, 1552507415115595000, 1552507415115886000, 1552507415115886000], 1], '/job:localhost/replica:0/task:0/device:GPU:0': [[' 0:', '(128x256x13x13)'], ['(128x256x13x13)', ' -t f32'], 1000, 309000, 311000, [1552507415115583000, 1552507415115584000, 1552507415115892000, 1552507415115894000], 1]}
